0,1,2,3,4
0.11360939797534712,0.25883722969801565,-2.011771118472668,0.5507952862877742,-0.9475905943712157
0.08706671375385962,0.27517548369232203,-2.0337815509387136,0.5619759084799653,-0.9277266731929884
0.08511544207795774,0.2818853626397799,-2.0147991219639203,0.5514074728697477,-0.9399832220339673
0.10546168898514303,0.26675067474806763,-2.0282679380712083,0.5602865115741704,-0.941265250646467
0.09553838967276668,0.33123164440836794,-2.04143235849405,0.5262666653735285,-0.9485108866154783
0.11708586357758892,0.2853706582842493,-1.9958497426758601,0.5034602930420549,-0.9476110932930086
0.075642202532104,0.3035869859257525,-2.026014871816674,0.5459389963358131,-0.9370273366855897
0.11939756829569619,0.28956736348161927,-2.0497710032256324,0.5277558604672687,-0.9238344301240055
0.10610430133825793,0.2519090246648972,-2.0281459230602517,0.5300487066308985,-0.8967749174118276
0.10495726547253062,0.2830812365630286,-2.011872170706908,0.540643198883888,-0.9537980064314889
0.10805996222118217,0.2923608212376888,-2.0532313859838434,0.5538580067168295,-0.9382599672037362
0.11631099683070106,0.28858450591578927,-2.0384643310124524,0.5305980958544559,-0.9342936837146287
0.10976252803463607,0.2975670808219724,-2.0473360817318986,0.543958552718873,-0.9408865384700795
0.10870748324958406,0.28089582838264116,-2.0082666469729675,0.5119836214736692,-0.9308457784011489
0.07889162557779264,0.28669647485102834,-2.0249184042409505,0.5308997676510515,-0.9090611488970081
0.12250398765432266,0.28807942537892717,-2.0273851807550676,0.5142159606264652,-0.9339360467399445
0.09076322864465164,0.2780962469349876,-2.0274719167320936,0.5313668936146034,-0.909958129679003
0.0803843182613341,0.2878291806258895,-2.0157972269498567,0.5322758411589976,-0.9223336184751846
0.1368757968747445,0.25926003479147364,-2.0450306762247252,0.544572868832727,-0.9323192141618952
0.1111130893622005,0.25409395745994284,-2.0229928546651443,0.5354760327347929,-0.9150426617335085
0.10006783239691872,0.2979896663736161,-2.0503746894545216,0.5524549548311432,-0.9372696356423803
0.10682855341381226,0.3091421474174519,-2.0098813116148415,0.5244551694305921,-0.9679211288133874
0.10325024809304598,0.31964280835415837,-2.0236685118574584,0.480581321083552,-0.9170419532182043
0.08973711333866126,0.28287467636703184,-2.0301567143072967,0.5410962549981283,-0.9204966968214929
0.08400497432023502,0.2895471950037732,-2.0319260937785106,0.5382623966999205,-0.9160827062437626
0.09219336103596817,0.3005987144913265,-2.021765509046816,0.5136839347172215,-0.9213231325096841
0.0885639166216024,0.29600647800113905,-2.0167752107890915,0.5153091709594145,-0.9200298027843858
0.13145138537935433,0.2767338966503673,-2.00932791150534,0.5192409260369922,-0.9553890746575829
0.10530145035388401,0.3050208653222914,-2.0518458363782406,0.5329860900899956,-0.9287517293767344
0.0621925339865057,0.30573054271696054,-2.012308421784595,0.5467654589275681,-0.9393718023317081
0.09558751485466035,0.2811296339344263,-2.020391217375276,0.5375570865918913,-0.9304612892617974
0.08361638170998813,0.2894941376796625,-2.050035686788047,0.5422160093904415,-0.9024827503951218
0.07382452225915541,0.3084183854365836,-2.0445749612282555,0.5359232261701041,-0.9108281066132602
0.10374886411013144,0.279518235232021,-2.030724040641245,0.5367215452960667,-0.9260665345271016
0.09457150992972582,0.29400084787886366,-2.012828905357174,0.534124145334926,-0.9477551375015935
0.10597892925128337,0.3104303953674479,-2.0321617046552483,0.509728273960629,-0.930522066709885
0.10690917313042313,0.28382715853199936,-2.039441851802712,0.5363106165013449,-0.9246859384537924
0.13303850558006772,0.2869187025206379,-2.0558927949113213,0.5576277524825163,-0.9583530952082707
0.09325398952304696,0.29059332015541206,-2.0251318933799296,0.5515355214155222,-0.9468129865884689
0.10963757387618689,0.283572115601439,-2.036022110622992,0.5156694071080675,-0.9100621430684179
0.09615600807815332,0.28419516277161105,-2.0011843331449786,0.5274151597769026,-0.9430055477338344
0.10126679166420731,0.30739754981999917,-2.0058274557965965,0.5189729683880244,-0.958977403086377
0.0932363443075797,0.3055311409298827,-2.011058162715343,0.5430950459335911,-0.9678042529168328
0.11118378193193672,0.2747970168913866,-2.050021467229832,0.5245869425571748,-0.897568688627958
0.09016197436219907,0.2698501678548755,-2.001671747944114,0.5682514585236348,-0.9642823635728768
0.10201994724939406,0.28715143814618516,-2.0408067221419066,0.5383117275504193,-0.9235004175519058
0.13515579973934014,0.27969023439092816,-2.052073506906271,0.5309772353119389,-0.9302757155601564
0.11046424005366555,0.29123624966575323,-2.0045013273146575,0.5213676116646782,-0.9555542198861762
0.09202774796387377,0.2839645113736569,-2.0220635246865264,0.5454054238755988,-0.9369075661504637
0.12776161796947855,0.29928105617551554,-2.04837464480727,0.5466336118858897,-0.9623224829091006
0.07575092422328261,0.2729718856622733,-2.025107572488791,0.576325050788512,-0.9380161041943179
0.1035207034673184,0.26825539546295457,-2.0279583231381486,0.5314353904943566,-0.9124559369562131
0.08618410740859415,0.2863423137443899,-2.041520420363593,0.5326111167171461,-0.9010356220268355
0.10009035953771496,0.29060817874110356,-2.026262050414454,0.5281301861420726,-0.9292049297546252
0.08758709641457721,0.28352478332916314,-2.0271236879108874,0.5175453065510708,-0.8986446593508596
0.14209288552122276,0.27125535354272784,-2.0204523403323775,0.501880330902703,-0.9317242157965746
0.11719570821381027,0.2836060385740427,-2.04606076114245,0.5488621728280618,-0.9406817421350024
0.11559639067016703,0.30450851004365476,-2.024782595331329,0.5271463331944923,-0.9591189397415372
0.1265300497083025,0.30464649820518536,-2.0501500816953664,0.5395764465079266,-0.9579137752542667
0.0709986187811525,0.292075440697487,-2.0127888038803627,0.5290373378450408,-0.9159250120537528
0.104973915524166,0.2831193578671915,-2.0393102132279246,0.5576361662051903,-0.9436375356337847
0.09754987103969624,0.3069046615656965,-2.0307139552281464,0.49619590468928715,-0.9062697277302049
0.11930960395957005,0.2562458617290545,-2.001718191137542,0.5275441341281472,-0.9378036028779531
0.10005686115841524,0.29417393790033036,-2.01680669405094,0.5428426564885944,-0.9576782934212014
0.06690860369050812,0.29271960556589627,-2.037670540458565,0.5610949968084397,-0.9204476758961007
0.1149799384129986,0.2852258547988479,-2.032894284221809,0.5564710908299765,-0.9613348009170376
0.12182770567743745,0.2611536121394966,-2.0157433460799754,0.5346233706572793,-0.9382076948528305
0.09669376389305344,0.29213327364904673,-2.025483313116097,0.5673787551311266,-0.9675946308643871
0.12435507219715575,0.2684920036716324,-2.0139469555361935,0.4935133248185936,-0.909073525139914
0.12659274944294638,0.29963151101287516,-2.0110653414392226,0.5242018338265693,-0.976341518774135
0.06771964003447346,0.3052498987026787,-2.0046956882745515,0.5208377046758542,-0.9263759771771738
0.10427334193945847,0.27992242453197963,-1.9948854876901723,0.5213821339020983,-0.9476372189688929
0.08298407970832274,0.2635060030239157,-2.0380241274319864,0.5819078351086142,-0.9274702831466985
0.07521800815808181,0.30358971399688245,-2.046225161200492,0.5513502505318818,-0.9204144350787575
0.10612398535416209,0.29186867159950813,-2.0275377846644287,0.5342383420835682,-0.9414309289139202
0.07490637288245423,0.31226201599853887,-2.0273925903316314,0.528249334392353,-0.9250985578439296
0.10707477697680058,0.2571977335268454,-2.01841367655907,0.5312848624291225,-0.9147061259221214
0.09602273683029015,0.2971379077158627,-2.0539593172953725,0.5371792814530476,-0.9130278043192418
0.12392950086716463,0.30059036295412356,-2.0433834613550843,0.5146201733707533,-0.9331894533190153
0.0724298307002638,0.2921524106646857,-2.0205045309557956,0.5503754520273533,-0.9321540899826642
0.09443936529333354,0.29622097926836843,-2.025384844560733,0.5263174939712743,-0.9286127029912918
0.1133895564448277,0.2809586079801579,-2.019863447835561,0.5337239085772496,-0.9450744411404781
0.12465522844793826,0.28170000398190326,-2.034382645841575,0.5392484645202489,-0.948541721666784
0.1210845016335404,0.2881540557640204,-2.03977605554216,0.5231833860856882,-0.9299076818995079
0.13697115017453848,0.3009366335719113,-2.0549661845443494,0.5249336701823939,-0.9447344690768179
0.11302205818020672,0.2815965777343473,-2.0575977187168824,0.5523739495893317,-0.9266298100738799
0.0916052250567281,0.3005066199774319,-2.0185902753255967,0.504241704096212,-0.9140487850407351
0.11477040646508005,0.27060980688162833,-2.0157214911216768,0.5555936238931262,-0.9626813990065032
0.11012019232902398,0.26261699255955434,-2.0001953355870787,0.5157465308955332,-0.9247429129989352
0.120333695237246,0.30238059027583586,-2.0221356730143594,0.5103764413015899,-0.9480271867853963
0.10179622694916747,0.3168841874511538,-2.0357449464903477,0.5088897341492765,-0.9285538288372857
0.10749618437671941,0.2654024434957193,-2.0086403556757144,0.5408780810167265,-0.9423609923513938
0.11347622563755605,0.27023373047810384,-2.021135454399538,0.5373795341745452,-0.9361042597718999
0.11696967816764742,0.27754356528463153,-2.0074961456868956,0.528515333109584,-0.9522696281887302
0.07981368002572627,0.2505400962980153,-2.0256575015734524,0.5416286279630322,-0.8829394332120393
0.126267217322445,0.26454329189060183,-2.0415845783407267,0.5279980291330555,-0.9136050845892575
0.12406765503881621,0.31009891586036187,-2.0316045484550838,0.5152933393181665,-0.9554682756891085
0.11684218486582051,0.30647507927677875,-2.03691185968259,0.5148342814288575,-0.9379849485624061
0.11575453341282155,0.25727592842757735,-2.028202245763004,0.5257878040882391,-0.9081412767940764
0.1055755972724365,0.28917455852751817,-2.0070791828601675,0.49220006375909436,-0.9171814951553382
0.10646279417130247,0.2595770960344758,-2.0047539358080853,0.5141614087037124,-0.9121526508428759
0.1326877182811784,0.27589546156554295,-2.0293049710298523,0.5203651723644743,-0.9363632926130175
0.09329667556208518,0.277120110840844,-2.018528229376566,0.5520632989459003,-0.9402489605189935
0.09220049471158094,0.24341051606312253,-1.998319098089308,0.5362575307053774,-0.9108839357898874
0.08464322480956073,0.30762074382247495,-2.0408812559707177,0.5234262997517155,-0.9118411574766916
0.10299375561798901,0.27104059916962103,-1.9997385056331478,0.52350464487568,-0.9342120640401436
0.1063601908573808,0.3074135454231323,-2.025603322964576,0.5260795922726258,-0.9513194787359738
0.07533091236713041,0.3208846613669952,-2.0319182889491367,0.5204293642460149,-0.9214670952355223
0.11695277297207442,0.28101455599364816,-2.018846488652647,0.5057540016972578,-0.9215262871624599
0.07321552129562449,0.26288332853810675,-2.024749401809767,0.56313154536909,-0.910512187808461
0.08390394982642721,0.28050638636363867,-2.015977155733975,0.5457874329550765,-0.9309770888785567
0.11936395772588858,0.28768778686798374,-2.011092656478535,0.5029950236728685,-0.9349239591212773
0.10667974297968609,0.29453877653883714,-2.0281102446245667,0.5304931602450952,-0.9409563538639618
0.11200208911147506,0.3028465587765309,-2.0422700469181656,0.5129402077111773,-0.9224230155106252
0.12097970047570934,0.2504517157586702,-2.030430114522767,0.5248173534065587,-0.9027929946006054
0.1058050109365087,0.2736606169413811,-2.0274985005310913,0.5309591437891183,-0.9196130882777456
0.09720986044622208,0.29433509171998096,-2.054023681626374,0.5484987347006267,-0.9227174977826432
0.10786064042402412,0.27569704924321975,-2.0382665640952538,0.5324008597915798,-0.9144705053387224
0.10191699934721152,0.2585533158094122,-2.0059904950063325,0.5475986098664629,-0.9392091863596631
0.1414872003103893,0.2542324191331526,-2.0578425098918434,0.554842849867255,-0.9302297583798936
0.12870823301564868,0.29324262222934755,-2.0632346557164225,0.5432763503905799,-0.9388522821441038
0.09562551678544887,0.2955456925801151,-2.021651729555355,0.5091836933219578,-0.9154268091783139
0.1219329820513713,0.2729021585568318,-2.028779560890109,0.5326998885311496,-0.935306053918638
0.10169709863604533,0.2681628871488232,-2.0031260505367263,0.5282838778169632,-0.9324702202419178
0.08473082183103521,0.28809687496606196,-2.000823735452833,0.5336076175629408,-0.9425515961857436
0.12028201484989454,0.29315184249715737,-2.0403050161887375,0.5226969369749531,-0.9330737678739094
0.09910499829098561,0.27201208296372875,-1.992696532355464,0.5075203394403262,-0.9230093805917301
0.09370392290141777,0.2810944536510161,-2.038680165993468,0.5349200082567765,-0.9073936703718701
0.08196053295885518,0.3024718202258134,-2.0137602914009873,0.5367935408508473,-0.9445793964339839
0.10883036348511421,0.29513951627652935,-2.030441790667897,0.5404324348480273,-0.9501207475813459
0.13559983309529566,0.27781835996372745,-2.037158575962418,0.5119116175277033,-0.9254437458966615
0.10030591663081104,0.2867215161963097,-2.027126352978989,0.5183834642972291,-0.9152335543694486
0.08176071652694838,0.26927418336126774,-2.056047694924084,0.5584123536928968,-0.8910292597422254
0.11034282112608364,0.2750734728982643,-1.9917549267529273,0.5416351675587778,-0.9717955269784984
0.10974763341840393,0.2860324201658167,-2.0137115682953404,0.5138816713755441,-0.9324621409813284
0.07984400566072491,0.28148561913891407,-2.013381106866814,0.5303148476173202,-0.9148394090892145
0.08723052576866763,0.29725600537748914,-2.0525787096244015,0.5454976800009955,-0.9145313576715179
0.13146370878644806,0.29793343035228725,-2.073831288968599,0.5211376612818592,-0.9135033637694508
0.09027382927358207,0.28894080696750696,-2.00538697158944,0.5391991204857377,-0.9494785155401284
0.10676047288239263,0.2918432032848291,-2.0262674439483193,0.5122824574357543,-0.9220893327642401
0.09360399075317795,0.3029405501928799,-2.063255965830186,0.5519833243729363,-0.9223198672675058
0.11642568036573135,0.257071093976093,-1.9987121383808852,0.5358571194959689,-0.9479429370588676
0.07359740344790075,0.31603102258714727,-2.0100574074493798,0.541455956755867,-0.9592746169185221
0.11438310831482837,0.2551351434052851,-2.028181780640455,0.5504222564886637,-0.927760453661644
0.07721352192908969,0.2635735759695519,-1.9861967236891311,0.5469532939270567,-0.9380182122601641
0.12648181515052595,0.2999820588495499,-2.058999838361381,0.5147045797017602,-0.9194120859084267
0.10032488296099729,0.2929127630205818,-2.036743914109292,0.5061165959882743,-0.899291525505134
0.08643601650247221,0.2852932860612825,-2.0244078721793577,0.5334686796442435,-0.9167858316480119
0.10370352956471929,0.2813593224540648,-1.9988460661555525,0.5399761968844599,-0.9628729825645057
0.1177962213397286,0.24859384714652333,-2.0150920530064558,0.5486378775720637,-0.9374045757322789
0.12794272522946398,0.26986676711126384,-2.005526469191066,0.5479150094164942,-0.9769458139023364
0.0859278902043864,0.29473733781980616,-1.984443462868011,0.5120238380468466,-0.9444929073274491
0.09442878952965532,0.26828402991579936,-1.99546778613101,0.5123431629500756,-0.9163572443310096
0.09047681901672439,0.29274359742909345,-2.0186041063436924,0.5558676388578431,-0.9574484667356136
0.09929692300762906,0.28758742095549206,-2.027078704795266,0.5475945874220601,-0.9441805104728491
0.10173939671235341,0.27558803435375673,-2.025178836134118,0.5658441004465277,-0.9541411195140976
0.11665759234334519,0.2864220049842494,-2.039957805310689,0.5323472771321732,-0.9328275431421924
0.09763703526676012,0.2895118568190827,-2.016160747343978,0.5256103824325385,-0.9331431726659174
0.13073548798337395,0.2801622484320871,-2.033832733545714,0.52692060429047,-0.9408635287184353
0.10897680724481679,0.32022989579850075,-2.0606713511775574,0.5288231693360275,-0.9342772433292993
0.08337945890798172,0.311553022644681,-2.069450753631596,0.5634472313351438,-0.925798954573544
0.11286560838778352,0.2870824486185016,-2.026235838552894,0.5263635584159113,-0.9367199413429247
0.10407246203999139,0.2883293094798823,-2.051905328179991,0.5732303771805967,-0.9509429815508329
0.08983526968027482,0.2785636668077013,-2.0308390889070673,0.5298877492887204,-0.9039680247617571
0.09986180755930472,0.30072946075893536,-2.0114981060453494,0.5116535689985573,-0.9377919837276203
0.09411457918465481,0.2722121652888604,-2.019591488759842,0.5585327054392412,-0.9423635860839193
0.10612206995897672,0.2747771644199402,-2.0040282997381977,0.5278584347841806,-0.9417874501282485
0.08182712810713871,0.2783440802830764,-2.019991121598475,0.5467043299716118,-0.9231896529050557
0.11447500293137705,0.2826957249525422,-2.0136088480222156,0.4828679884741314,-0.9037132358598506
0.11991254066215437,0.2762261275948036,-2.052777621696078,0.5365994791510307,-0.9165436552138836
0.10027688550238026,0.28331431938429474,-2.0227427939296962,0.5250958641937006,-0.9224124232334012
0.10078447714711466,0.26831682519758726,-1.9971720479093216,0.5092026468979624,-0.9176269577080206
0.083257128172206,0.30489797776258,-1.9962049980375072,0.5458962527196652,-0.9740627824550745
0.08019299594654036,0.2963520468404762,-2.0291047430016853,0.5438160147944654,-0.9276008390369282
0.08835063851962599,0.30421186490907215,-2.0239575398323995,0.5196027824006452,-0.9256299674833471
0.08930768842872985,0.28248547717220035,-2.0618676333193227,0.5559811003416348,-0.9026875976188085
0.0786353753861475,0.2712632824876749,-2.015642171370591,0.5686278242221278,-0.9391728652689575
0.11822676110455474,0.2944326022373129,-2.0327871459678395,0.5131786847740155,-0.9299541691952814
0.1169146103367915,0.31374358253555834,-2.044610664395138,0.5256450551691796,-0.9485328641052436
0.09746037670575051,0.2754202649305842,-2.0314807510527633,0.553361863189015,-0.9320073051814372
0.11396627770466208,0.27634327179685964,-2.0398645805197533,0.5231116968106824,-0.9101567898429759
0.1322282720929832,0.27807940890468513,-2.03658799554977,0.49882504678659156,-0.9092897590604876
0.09118818527426041,0.2823294806640693,-2.033399501541902,0.5504398578793356,-0.9275316632829756
0.11896512874536411,0.26763447080132896,-2.0207585438873195,0.5405921686301582,-0.9440718253364667
0.12264740896071911,0.29026043273125823,-2.0330070761562964,0.5142315055852507,-0.9307468219105449
0.12574892585601763,0.2965675952912537,-2.0324269913185464,0.4926427612363076,-0.9203205202199226
0.09278214934317738,0.27308657411619247,-2.020272969110088,0.5340441688187461,-0.9161592033502141
0.0897853436234093,0.29562272504482723,-2.042532726178484,0.5340340460415344,-0.9133893501958711
0.1213923809001184,0.2729852509212284,-2.0247370259335082,0.5411272392750657,-0.9479213950334499
0.08895444551893021,0.26130668425944314,-2.01765540362503,0.5554381266910671,-0.9252454525689957
0.1278417103294876,0.29086885239709254,-2.0313788643177633,0.5320056118484484,-0.9560293276017916
0.12613690139975292,0.2728554537611898,-2.057027216333431,0.552381245655107,-0.9306840861594715
0.10733262229884964,0.30753141896411024,-2.0340094868264744,0.5100114600288608,-0.9273227173113996
0.11425111917894765,0.30769831423345745,-2.0544325420541267,0.5159129251804372,-0.9203907039157331
0.09753556371056699,0.2839193876505475,-2.047800474186016,0.5186420910742126,-0.8885878221382646
0.12218614297215609,0.27514069038636074,-2.028344265611334,0.5403915335891893,-0.9466801748375298
0.09045464460174646,0.28279325885837414,-2.0423117175446293,0.5456594714286404,-0.9133363959882058
0.08273854717154557,0.274156709624742,-2.013872871809021,0.53449145008152,-0.9145811217059726
0.11202995242423568,0.28438490106900427,-2.052310631290343,0.5550828541838015,-0.9357956838113431
0.09508905620445103,0.32916790658399214,-2.043852762328285,0.5079253818865209,-0.9256977432258721
0.11978611334750446,0.2674864716885277,-2.0199278166243713,0.5673396221532915,-0.9721377903529029
0.13995428979383975,0.29350890820030273,-2.068727142267862,0.5223179332861048,-0.9233196634395432
0.0998694240608374,0.2999286542962572,-2.0275245407512577,0.5159131577334404,-0.9244929789391163
0.13313519624152706,0.2921399449437509,-2.047421319132037,0.5080380932450105,-0.9227427242017121
0.13632102112235323,0.29211712352153946,-2.0461789923420413,0.540163540316944,-0.9593623341576692
0.07304450003264668,0.2608672991103096,-2.007261848647631,0.5235766826746298,-0.8881656513086135
0.11399681889525039,0.3066742563285339,-2.0395577911729146,0.49982844817691147,-0.9178495922581777
0.11622823787040248,0.29287404259764493,-2.054006745891675,0.5435193489068818,-0.9353441488625555
0.07840242076053901,0.28862342768043586,-2.0320479184211737,0.5664354243930729,-0.9384140765713139
0.09239017243146247,0.2872892704937018,-2.0391900439899313,0.5399175777045745,-0.9161191777273099
0.09065556146984376,0.27638592301496,-2.0135061288282357,0.527375450774269,-0.9171874748874039
0.11253850596369958,0.2737467970957866,-2.034533443254168,0.5471577264706146,-0.9362320485680458
0.09491500438357336,0.2809919569891031,-2.0090908983612317,0.5542182569610047,-0.9587364216419957
0.1033027464947718,0.2811049173981133,-2.020524747386076,0.5438948081178976,-0.9446861421583956
0.10185933512347171,0.3118722342445697,-2.029581040415004,0.5189503051992703,-0.9404113657297704
0.0791279970928967,0.267452094943576,-2.0553617956421912,0.550254456474176,-0.8793968123846406
0.1417306140107728,0.30597214076208656,-2.04594510197473,0.511620934860672,-0.9506666713224514
0.11466411613846045,0.28390450468030504,-2.0309799182339336,0.5402664927836767,-0.944627098818101
0.0832968928652941,0.2503964218506095,-2.0168769098376074,0.5628215428615871,-0.917448541613442
0.06681027515097326,0.30921236370879973,-1.991354950231206,0.5410963412990805,-0.9625572936218574
0.0832841130421299,0.2926320208450839,-2.0257462828075354,0.5453592355787187,-0.9320723953655504
0.11879355272045153,0.27641556337972106,-2.02984934483783,0.5176562806905443,-0.9204278167858231
0.10208401036836848,0.30531829601908633,-2.047957354062424,0.535807847326381,-0.9323623453303649
0.1256676951603949,0.2876144741524667,-2.0278873201874776,0.5213558833538255,-0.944209478517384
0.04869144268133548,0.29304679795806265,-2.014816112945538,0.556141476450293,-0.920370614614982
0.10315280854193944,0.29600147143873745,-2.033916068839488,0.5358252442387827,-0.9377628320947231
0.07446673016574624,0.2924363710811006,-2.0053008054169488,0.5190924328682284,-0.9181754495159657
0.09693756622958899,0.293408007064718,-1.9932247900420355,0.5264232002607743,-0.9600874551750579
0.10477055051654056,0.28970143335243287,-2.0264467733807314,0.5408685695553896,-0.9461027359676918
0.11044289364294542,0.2879347726357318,-2.0286071532115773,0.5122322717702379,-0.9190760753821973
0.1274482851620063,0.3284663298746216,-2.062165328230376,0.5270433253004358,-0.9576232042983234
0.1171308904138406,0.24084547159672598,-2.0357921032396002,0.5515433740003686,-0.9107856047470475
0.11785671923080154,0.27408947132562617,-2.0291840370436858,0.5437228523548125,-0.9439603068725202
0.09717930591539213,0.26096892975961805,-2.009450543138285,0.5306540772502208,-0.9157055192112752
0.06769339687497075,0.3040846609239204,-2.04416660645146,0.5482097465219994,-0.9128927470249396
0.11051108771346074,0.3055765077989988,-2.0553285520755056,0.5407319533124365,-0.9384074404743922
0.1137641927369075,0.2836904272792858,-2.005555346738226,0.5255348535861283,-0.9557731414200626
0.08301826857974895,0.29004051947518017,-2.042390047641276,0.5824491899202744,-0.9494675829140943
0.0997638356722045,0.2997062873214341,-2.0363809224313485,0.5522400430941489,-0.9523347489762563
0.08930014862746267,0.2650646735532392,-1.995411113280596,0.5653534483099683,-0.9611054766969143
0.08198317619834355,0.31397189262685044,-2.0529348666302787,0.5628857093382748,-0.9431988482325248
0.1341570137530463,0.3013667862483436,-2.025725243236676,0.48041810321462036,-0.9261692747379727
0.10428597971335508,0.28810914488257106,-2.02210179409631,0.5074451920171091,-0.9143415004391824
0.09064967040551863,0.2724133694810139,-1.9986825441754539,0.5482560234884797,-0.9499518185033604
0.07384247096984713,0.28428939832349553,-2.037622037050993,0.5464919902865439,-0.9041470394587808
0.06614198129749291,0.29087214621615237,-2.0447278538967453,0.5653156471683839,-0.9142921354626974
0.08546670303352155,0.3230291337885246,-2.028216401587771,0.5255885623456993,-0.9432630275932292
0.07604236330601119,0.32235445047609734,-1.9999119607934388,0.4957066633924041,-0.9311902416586497
0.15515278422747902,0.29290573827990574,-2.062374579855755,0.5390313830040581,-0.9612475306726112
0.12485126361057931,0.2623185212433422,-2.0392987564788365,0.5492501211663005,-0.9337457819108462
0.1114999484060909,0.273005724574806,-2.022375268646271,0.5336255029658361,-0.9326217543526861
0.1373697974477136,0.2827840908697654,-2.028131344173828,0.5117932241822026,-0.9408166920208033
0.12806564091650785,0.2810360351332195,-2.0419537938346637,0.547130585839461,-0.9514550837672997
0.10774038787078782,0.29179340192916287,-2.0459234420632884,0.5559870831836738,-0.9459800671192264
0.1016827941807774,0.30029023158812657,-2.0077231657206376,0.5125649631323363,-0.9449251480222786
0.1416732707604934,0.26511179868627144,-2.036675307829574,0.5063318246027673,-0.9125994501044221
0.08181530492453662,0.26800569457877105,-2.0219029907201267,0.5536736872497688,-0.9183256337062146
0.10953252205590279,0.2940614385017474,-2.035595443434273,0.5518470568830602,-0.9565648701176821
0.10588156409510664,0.284787644355689,-2.0438235062956216,0.5541277980227184,-0.938167456451357
0.09097029502617539,0.26887787123907775,-2.016871674880513,0.5377605090105059,-0.9175984350765808
0.060314053777566226,0.2788959891907475,-2.0112675106917894,0.5467095962553714,-0.9118719844299528
0.07413311149645944,0.29275756645733914,-2.0384087742861587,0.5617659306944488,-0.9275733591231177
0.0853831557682324,0.30593023961837257,-2.0267522306826953,0.5431580442187467,-0.9455248456103299
0.10587564643653695,0.292096171030634,-2.0568965282447675,0.5361829515979849,-0.9143583754205443
0.08037543081451598,0.29110486536005886,-2.024984596389561,0.539813907657912,-0.9221435844272361
0.07828655104582471,0.28278008731373544,-2.011950939560077,0.5474105291781509,-0.9331546126714447
0.10031166623987357,0.26889720836480674,-2.008576903785958,0.5344094600419701,-0.9329048107601364
0.1508039942973164,0.3144596675571386,-2.066479220077736,0.5157496295643613,-0.9517992707088686
0.08401672106838591,0.30977691432829224,-2.021952085464331,0.5159226733100963,-0.9252413648631928
0.10859487907388675,0.2813862053480605,-2.0232430110235127,0.5372730357602036,-0.9410402211176441
0.10340796174190325,0.29939305648864806,-2.0375264777637283,0.5367249059282793,-0.9394090673246062
0.13687545451010227,0.270378161750929,-2.0447646829821773,0.5231776755572932,-0.9229632501720467
0.06598121426960735,0.2989660186104629,-2.0396311938730403,0.5437564658543609,-0.9061823951309768
0.09802502430545332,0.30140629089416504,-2.0402618440379845,0.5231765392659398,-0.919066566795459
0.09406098758906155,0.290184734738836,-2.0388004609975363,0.5523345617231846,-0.9343098109772084
0.07917889028287432,0.3205826054062661,-2.020478230324894,0.5081898588237732,-0.9241498487589057
0.10828738206847346,0.3034843357564273,-2.0349561710832216,0.5324523627246206,-0.9461035721619301
0.09746517206115907,0.2839063331455303,-2.0122775855291564,0.5304194822851092,-0.936866220745947
0.11679343243883779,0.30539590728437555,-2.026548883663668,0.5133251968796197,-0.9457962994011178
0.11831280863940996,0.2570865902456053,-2.042320385582189,0.5462873569913008,-0.9159698338427451
0.11802824385593388,0.29613379914525906,-2.0521955869884105,0.5239935366948651,-0.9229841253422678
0.09705852106037106,0.29213029374803157,-2.0165121445350493,0.5374064626972475,-0.9470652352639313
0.09855794286765206,0.2735207837529902,-2.0275886861083974,0.547133680213396,-0.9282852591550173
0.10297786061884595,0.2681724121495823,-1.9906349021738337,0.5407630836239646,-0.9589252701593616
0.10232864186339266,0.3001313865819373,-2.0345592943662214,0.5569178869629612,-0.9615142106112207
0.10989634138102061,0.2675593098713838,-2.008457435551492,0.5261633451392939,-0.9330162341845986
0.11171661920842532,0.3025655604495304,-2.060301043634479,0.5360601691974038,-0.9275783354721525
0.1062113165478725,0.28933758269412063,-2.0237035827736527,0.5064753331024033,-0.9158231002098479
0.09013757039104503,0.3000434478112736,-2.009161494887722,0.5441894791509595,-0.9618754430463173
0.11657812021066316,0.28584551350823467,-2.032823236090514,0.5463235719358702,-0.9531022015738119
0.07826137457356869,0.2913216683239937,-1.9992229976037559,0.4967164675531957,-0.9045654638445669
0.0932170849055818,0.3000711661602223,-2.034748549822598,0.540755425017756,-0.936256945032938
0.095609080355359,0.300436263472545,-2.059120371816313,0.5616694963330897,-0.9351360320707104
0.11760608657411861,0.3194323461508792,-2.0307115777189804,0.5102126778346928,-0.9533705633420986
0.09254443813550012,0.26542429488023167,-2.0079631294870164,0.5315980996714837,-0.9184048138470796
0.10134058536489987,0.286429856497009,-2.0164102165903435,0.5253469683589327,-0.9329307817760194
0.10610945177032527,0.291290982306961,-2.047993651221966,0.5502080987313117,-0.9367253905898456
0.10460894613246347,0.28788063631608385,-2.0435535576210118,0.5496503184056452,-0.9354458826159092
0.10037714104636841,0.27613978005533224,-2.029400167615895,0.5880161760312281,-0.9725082404477624
0.11061853890821162,0.2782121157411213,-2.0088330875833265,0.527532874454308,-0.9450248365735631
0.1052043679347602,0.26758842471744015,-2.0123788486386682,0.534840931793525,-0.9319295443701247
0.11075224978286548,0.3016489423456107,-2.0450112388651056,0.5494339976844592,-0.9533210267565656
0.13447284548385832,0.25330062884234766,-2.0400874834969276,0.5200030021590514,-0.9038742806496487
0.11929731930914236,0.2975164266658314,-2.0256370857558017,0.5416555472600579,-0.9702085708493512
0.15062673417982542,0.2866474687503085,-2.0572874437094333,0.5258615489184871,-0.943099449814044
0.09464226042963926,0.26611020445026634,-2.013816385798725,0.5548872364835306,-0.9388792050598743
0.09621762083638725,0.3005512139078217,-2.040584527401785,0.5573931664806252,-0.9511212898742444
0.10281853504143088,0.2981674408525583,-2.0396280142736174,0.5341658730344798,-0.9327673302079579
0.11275477813418612,0.28715557531820135,-2.0242989018507607,0.5245283252320229,-0.9373024007623466
0.1082748192547006,0.28777280284148854,-2.029853738378669,0.5234801359137679,-0.9265314275334754
0.09006712983034763,0.27573932562212833,-1.984135617493586,0.5306684466152451,-0.9494199889758271
0.0962586889826747,0.2887427557930911,-2.014704461017177,0.5493098409137644,-0.9565228299354729
0.07681248501153033,0.2713653926029842,-2.017204229086607,0.5428756509631689,-0.9112004771657264
0.08623646416933525,0.27261110824909474,-2.026995225183969,0.5506879043407926,-0.9186858382244985
0.10775577411901033,0.32519754218292213,-2.0383379230878553,0.5064066354887747,-0.9383507561632177
0.10184195599189888,0.2914005657200673,-2.0611306859439584,0.5288649114147098,-0.8977320178136109
0.09755787736630406,0.25474651919701363,-2.015648350396727,0.5579715765185727,-0.931597416277995
0.09461496541553195,0.26742688306272355,-2.0388668558692697,0.5293489474941521,-0.8895395416693034
0.07159741252443873,0.2976006218944163,-2.033226739336968,0.5157095209018837,-0.8880858720019138
0.1208710987133823,0.2808012055156608,-2.042797604394811,0.5265001144244491,-0.9221619410188041
0.1037158741858352,0.3011959685004208,-2.048513556062262,0.5408675729513889,-0.9352283885407942
0.09729567058008787,0.29803266426743363,-2.0345446740324573,0.5442496082582434,-0.9418191781045175
0.11383088727345876,0.2924630543882568,-2.0335870921622368,0.5453698994087719,-0.9557236008253219
0.10272665608319576,0.3069942787150384,-2.03635773138204,0.5179633033386768,-0.928339220014468
0.07680854627742865,0.29602254017302376,-2.072397415840719,0.5746373648816713,-0.9114684122042283
0.13988687203058892,0.26931695448390225,-2.0339953756381353,0.5100894839805302,-0.9227486071134786
0.07805042664895552,0.2873479593084542,-2.0384436249748092,0.5691552170968421,-0.9332964130034744
0.09071137039985118,0.3051593992895359,-2.0237943368801976,0.49152462751226433,-0.901053331177434
0.09579081573932868,0.2969062014199585,-2.028076375753086,0.5434303318211587,-0.944770396428467
0.12788249158366627,0.28234204635692967,-2.0156553216241355,0.5238506398265389,-0.9546889645125872
0.09023590345650646,0.27568199546127564,-1.9791080358640893,0.515154339282012,-0.9394565795013857
0.12421413336148811,0.29038166755964073,-2.0261589430641322,0.5243627479461491,-0.9503612987728868
0.09564265748662629,0.26427034646931497,-2.0415323345042418,0.5490821057932803,-0.9045913811898096
0.10497734002040168,0.24690219867873203,-2.0427433223982456,0.5539667967542802,-0.9000560438172593
0.09565015525457753,0.2614630132464553,-2.0058516314898407,0.5305250492856936,-0.9187307771694699
0.11827039520626799,0.31608420686195365,-2.0415336087389018,0.5122644280497334,-0.9417005207882274
0.06864452088312273,0.3112330322304351,-2.0476815592850377,0.5539540694164222,-0.9231963154371166
0.15019883028550332,0.2546790540852562,-2.0373935774170167,0.5369105578460796,-0.9416733249166075
0.14001732497698016,0.29036169884854174,-2.037566381735656,0.5090895391434332,-0.9385930548537122
0.10826787020983114,0.2955356144120024,-2.013991652530005,0.5355035454215578,-0.9618282464679607
0.10042026213612198,0.27666829912100144,-1.987541890495674,0.5253369794964035,-0.9517395306110203
0.09004345417575609,0.2913718662148507,-2.0366528367499486,0.5129030895139687,-0.8948218568137262
0.06449529230733816,0.31299055497602124,-2.0388493167512953,0.5280779509581117,-0.9053025339889602
0.1133059855882573,0.2560560100048916,-2.052615574970075,0.5565424117689518,-0.9100241915778196
0.11059947980714618,0.3112956689245145,-2.0300333101188017,0.5030928373883459,-0.9320077911512824
0.10987212634406025,0.3101324189409191,-2.0352343925621645,0.5225981760745413,-0.9437064162124661
0.10796482330911929,0.2768310327623419,-2.0336255049346663,0.554792444972598,-0.9426499082881221
0.1201395112924341,0.2810947226290031,-2.036434688627099,0.5143453264070653,-0.916033485390547
0.08323381414821912,0.23879913578066939,-2.0173655416421745,0.5863062354790998,-0.9276121789109149
0.10719443881336456,0.28022420177240415,-2.0229421234294374,0.5374907688783768,-0.9391180862099819
0.1099219232457727,0.2862259088948885,-2.037858714211429,0.5233504060208022,-0.9182546790854071
0.08830940220166549,0.27291842844637976,-2.0329601168179767,0.5407832345301937,-0.9060562278791373
0.10791873430730277,0.26101316971514416,-2.0278626050791324,0.5377588861639324,-0.9160923048118231
0.1046831208838081,0.2649191884147548,-2.0020855756647644,0.5442829027720967,-0.9484869077719901
0.07032616314431359,0.2999534469370286,-2.0290311273010193,0.5278075961330266,-0.9060682908684193
0.09767465084825395,0.2454042348348476,-2.0148698553211113,0.5516391362936408,-0.9169411183591815
0.08987313834613214,0.26367768688229876,-2.0059875121581565,0.5235910807373273,-0.9076250767834603
0.08991500478924272,0.2899672240050647,-2.0325699532064294,0.5236618759141446,-0.9084272715373239
0.11592688837991035,0.27725910944299803,-2.0496535332808494,0.5267969240692132,-0.9075734912501539
0.11189594167855732,0.2673215690983048,-2.0633686779849727,0.5622001046880051,-0.9149859155121601
0.1346810625932971,0.2798566739463656,-2.043201669374486,0.521414658775379,-0.9293385630821221
0.10848637712340999,0.2993374635769197,-2.04306010632293,0.5649382247251862,-0.9669002117200428
0.08926453981869158,0.3239860330324173,-2.017526101580065,0.5006729707913966,-0.9334061700201333
0.08981542819507467,0.3131465926526317,-2.0035379033730747,0.5019290109016692,-0.9386573202549822
0.1156560535000361,0.3168443538227515,-2.0277767473899533,0.49702572899142966,-0.9391859657417952
0.07997195556052812,0.2675679542082057,-2.0180301147953035,0.552552215858454,-0.9184247054912358
0.08775857340206707,0.30075747394993835,-2.0200673963127227,0.5163989250918014,-0.921374631337461
0.0960451675961308,0.2866255240525948,-2.0244460621628897,0.5620393084557845,-0.9569429146086376
0.08936956634024809,0.31731711492188774,-2.0461376758815866,0.5228039922740458,-0.9204740943516722
0.1399740476363326,0.24125665962645482,-2.033067685376216,0.566043281431253,-0.9513640211567514
0.09744955882831713,0.26563955324203437,-2.007443448123755,0.5203095831757284,-0.9137558538559493
0.08184455850164708,0.30756651066611573,-2.028813735392988,0.5111097352199276,-0.9091718025141619
0.05987440981883936,0.2840333792576175,-2.032832431070689,0.5454338424757706,-0.8935519242879517
0.12404590391527452,0.3139879054647105,-2.039053480718556,0.5152282295469383,-0.9507547291715781
0.1242385749097291,0.30560300710711685,-2.0314055028783295,0.509115689964555,-0.9442129523404804
0.09259748664461333,0.2829721442576095,-2.0209767854621967,0.5403562449759459,-0.9319462858465849
0.12215143415712561,0.3100595410561833,-2.056329111036328,0.5413366532386484,-0.9539039919221235
0.09278321468807453,0.31754637196893065,-2.022577000949023,0.530964058577087,-0.9557522101874681
0.10013396004554106,0.29114150942906936,-2.063464089000466,0.5466126460190183,-0.911184615919146
0.1093960373654555,0.2872479817816896,-2.0316365806322545,0.5372207351919663,-0.9384617153734798
0.0967508052062097,0.2668162486288362,-2.0384465834237253,0.54662241091802,-0.9088529607219843
0.11876360122560448,0.2671827135003696,-2.0360266521418153,0.5354392639014742,-0.9229507051730198
0.0868114783573089,0.3311349025535863,-2.0162735756465855,0.5125338234698922,-0.951448948408568
0.11150718805063384,0.2910707205368739,-2.0333993500736476,0.521285357878241,-0.9271052743079361
0.11631470366589622,0.30322170366835166,-2.005479844067163,0.5167931531066589,-0.9678602067043777
0.11950057639828524,0.29826317154620624,-2.0451380104794175,0.5011557774942307,-0.9107044536953858
0.0792657878271936,0.26845437660686416,-2.0122276103971273,0.5389648769763183,-0.9114488395619581
0.1390482748960565,0.2924514892907029,-2.049805297713063,0.5209915837354071,-0.9397318875442651
0.12611597107448733,0.25406777444468653,-2.0338136525438393,0.5401704387041325,-0.9233026736961797
0.09974948586824382,0.30014829148098926,-2.028386479861434,0.515178919859585,-0.9229911246643595
0.08416235324829124,0.3118480984604067,-2.039307164538981,0.4897195055514247,-0.8826603106761806
0.10637466046026042,0.2762926336369361,-2.0484803356809596,0.5638504004599892,-0.9354283586667916
0.08553458450611301,0.25908944552704544,-2.0052000657338844,0.5108051051375854,-0.8868453057704572
0.13205954486013455,0.25396912160318563,-2.013114844046967,0.5239289529040426,-0.933920204759683
0.11696518930477662,0.2759292139598325,-2.0458258205736155,0.566001064302106,-0.9499211571703126
0.09541865187750127,0.25193481886411523,-2.03300544308449,0.5456993988905868,-0.896166805476776
0.08345957567468815,0.28823505799482346,-2.0122992617388173,0.5218239434392613,-0.9179639445468117
0.0889672403786914,0.3086833387476001,-2.0574077841445075,0.559271502627215,-0.9359215827022435
0.13369038364918323,0.2879887169572988,-2.0209777457940934,0.47051105192912845,-0.9090658368660189
0.07662733287959957,0.28559403358949687,-2.0100010287326593,0.5451061784974611,-0.9345072515898284
0.09918167602621819,0.3045474997785422,-2.0364927142846647,0.5530156530826632,-0.9573020565565519
0.09778318083193437,0.27719575333126917,-1.9844622010689927,0.5075523305671771,-0.9354740191302747
0.15470466576483127,0.28796632309323084,-2.046777603126629,0.5116946334137077,-0.9445581529634641
0.07783157122029234,0.24989928299203681,-1.9911736666410293,0.5636381749271688,-0.9373316321765996
0.09538873350182148,0.2942741820301206,-2.045243143645453,0.5322654502892743,-0.9139465258305263
0.13183171131827004,0.2529229236264286,-2.0103797085573696,0.5263064633749306,-0.9371014992462343
0.11854730487729101,0.28712978809408696,-2.049204516422901,0.5555912243122694,-0.9490269451054724
0.10087874208059884,0.2925402217116662,-2.0316822897295417,0.5190697688095102,-0.9176214886950773
0.09095006466672381,0.3230754285784947,-2.0436915541941234,0.5375776743361157,-0.9445418906579554
0.09797885919375245,0.27505231509928124,-2.0283543648745264,0.5476777382567389,-0.9293788111315368
0.07347966552938044,0.290654945733496,-2.017797935107533,0.5250492554562602,-0.9084603122969858
0.09933714753457668,0.31766499571645956,-2.047779358791443,0.5239086658924219,-0.9301557602392139
0.11345015629922965,0.2849572364879911,-2.0386246510100046,0.5450291247296596,-0.9412141924051504
0.0953140513811045,0.2739120580484831,-2.0128145819113588,0.5306341997939753,-0.9236823998023544
0.11217373798127417,0.27401465565326194,-2.022344139691249,0.5452012797507901,-0.9466491020422085
0.12591939195974572,0.24155750628318526,-1.9882520556670018,0.5271648899424,-0.943371533845736
0.0958239599642233,0.28787874914470796,-2.0464200044377567,0.5540704164688204,-0.9280052011098944
0.13078223024894037,0.2632586203564183,-2.026530156847593,0.5416041278017946,-0.946050073183866
0.06464356689616374,0.28372888795709766,-2.023531206907894,0.5293798080129585,-0.8904912462812807
0.08815134325939049,0.3171395889550636,-2.0004542599108985,0.51167162323508,-0.95375503661492
0.08478566972543979,0.2910460450707169,-2.0215741949555643,0.5384104656834878,-0.9300667189272921
0.09506310482759382,0.3218443834546975,-2.0413769303392946,0.5390728341960164,-0.9523141834989315
0.07722444901117571,0.2933024316085854,-2.053394029092562,0.5331062745561981,-0.8864406703567858
0.11626878083289348,0.28802819750814956,-2.0236609218964188,0.513443631244299,-0.9308443069358135
0.09453494693274779,0.29894696880931226,-2.043068109764831,0.5372978784723021,-0.9245551733860605
0.0751866056600075,0.29148209539727943,-2.024339982536622,0.501758400646739,-0.881651298046951
0.11215251711825219,0.29714422739155044,-2.0139494265311946,0.50922536695906,-0.9412856437382198
0.11959462441803988,0.2570321747004681,-2.0259983353575186,0.5318803928210192,-0.9195281289922951
0.09928521034933345,0.2982788408058869,-2.0444638142392932,0.5299853967150605,-0.920258567332862
0.12658495369489284,0.2715777978728963,-2.0135504736766316,0.5318880319404814,-0.9534045424267588
0.09060983050858397,0.306295331138236,-2.056989715396553,0.5422316755583076,-0.9191854685949773
0.10714181268946033,0.29277019540792204,-2.024716572340988,0.5079804819813554,-0.9203288631932135
0.09972833500305443,0.2759179145887023,-2.0122685471076616,0.5285461508910916,-0.9290927607400411
0.10677503849785853,0.2719921326680687,-2.028821846517837,0.5575986597486641,-0.9446121982685053
0.11027195790373544,0.27897314157826547,-2.036428898546559,0.5315000420833249,-0.921784908632204
0.11630709422623817,0.261627869613977,-2.035162371763699,0.5353524813280739,-0.914894795189426
0.13170581168100737,0.2967047588296074,-2.0416998132977855,0.5222799699985554,-0.9457289226829032
0.07479145754600981,0.27520720846038466,-2.0458488457549913,0.5589113750050795,-0.9000904952078672
0.1320359645833537,0.29217981340006344,-2.050596148667698,0.5659414973752305,-0.9766423152219941
0.08956772408179305,0.32134232102583676,-2.021101862886112,0.5084815500903198,-0.9348954859640408
0.09227938327594473,0.2979928877931867,-2.0250279761689396,0.5285048676956857,-0.9304900211478165
0.08857060719848153,0.28530805862050945,-1.9894485313131607,0.5178117635065274,-0.9383642549725335
0.09599630447734019,0.2926150976289066,-2.071919152720259,0.5524464208477045,-0.9061131133670227
0.0818600753300875,0.28482947933040315,-2.024968022553605,0.5428533461428392,-0.9215475010945562
0.10351831149340938,0.2853745469896805,-2.0493620022435564,0.5835229074681909,-0.9594711067660882
0.06881801460243109,0.31901511046078906,-2.046354058820077,0.5715790260004951,-0.9505408911857849
0.13863469952476917,0.30256129714296226,-2.0507998474780833,0.5286574389861285,-0.9558453460966764
0.06858598679446885,0.28694422108584483,-2.011784897062401,0.5141481164348636,-0.8949616645819467
0.11004112231930539,0.29341064888201895,-2.0201430524186694,0.5339106683802589,-0.954086526298354
0.10055555533697284,0.3050118036352075,-2.0332587730035447,0.5435358574539327,-0.9526709346259059
0.13207196508519164,0.2940946754102008,-2.0351215084455023,0.5127728336959589,-0.9402146738911421
0.05526119879375296,0.30343654153775523,-2.0130919210982703,0.5371847836759108,-0.9186576060736339
0.0965434305312392,0.27788748980517625,-2.0449710003629185,0.5529268825343951,-0.9197395904592485
0.14140659428801391,0.27331881332646657,-2.067793624561687,0.5321328657781731,-0.9162199038727482
0.13001172012883078,0.23789738197054036,-2.0281611433083055,0.5557476976647593,-0.9323285195954285
0.14930414407213904,0.28903872233514644,-2.044687042941835,0.5151012969748969,-0.9457487281625915
0.10662589801004824,0.28575491293776145,-2.0580103136610908,0.5636061172002643,-0.935184080970699
0.08375980010788966,0.26825791580186475,-1.9976483167994652,0.5375314352715062,-0.9294553701803451
0.09310579388051539,0.2758566236546732,-2.0124182105618815,0.569999340915211,-0.9628811221524365
0.08910677425993581,0.27646937064556865,-2.020992436094592,0.5263503643658233,-0.9078827733268591
0.09222278756981936,0.31667270114870194,-2.0467910556555817,0.5151283081496718,-0.9150219257098253
0.08497742581250761,0.29010371539295204,-2.0169444609247185,0.5449217160881651,-0.9400692131832783
0.11252838911646233,0.26125610850292486,-2.074832055469922,0.5775831347623239,-0.9134172562379616
0.11444247696494296,0.2818783174222599,-2.0292876032078437,0.5508728651211304,-0.9548797671108388
0.09028979744786225,0.3035590273676603,-2.036416777639622,0.5503911315867966,-0.9448957547368709
0.12822205059982564,0.2772227518944652,-2.061753566398081,0.5405435713356334,-0.920713791880349
0.09069199156288842,0.28329183126231994,-2.013928288428519,0.5551046492246065,-0.9523871211480652
0.10568287601680654,0.28711892674382544,-2.053907341485819,0.5517505939188808,-0.9279572764782719
0.08554523984807914,0.2954290055500595,-2.0384870721780577,0.5525468649177483,-0.9320590005863851
0.12848469804961282,0.2866430558595116,-2.0515384070089904,0.5422289515081794,-0.942582913309919
0.12848080952990157,0.2715805009914854,-2.0539450232675502,0.5354558569902439,-0.9186513991961468
0.0952735037391458,0.30567715469896606,-2.038259400996858,0.5278064576982671,-0.9269535457879547
0.10497845940330698,0.2986258589239599,-2.0385992786950387,0.5194282948638972,-0.9216468004563914
0.10450357393046526,0.30062696199495886,-2.0537093152914148,0.5247272224030525,-0.9128048893500288
0.11053361074084199,0.2643301122807863,-1.996689969357274,0.4966655448028585,-0.9118847547482835
0.10206244956855624,0.2639429276396387,-2.0265870245738613,0.5425861523357014,-0.918860316221057
0.06772011815711423,0.2746648131160015,-2.0120298921222926,0.5450854097795156,-0.9123308688881976
0.09006162803947283,0.28155327618235115,-2.019315488209632,0.5304285649586523,-0.9198242092616037
0.09014268116108205,0.3335441617113663,-2.033789516624736,0.505497826599137,-0.9322704609647054
0.09870136778857172,0.26155541377248626,-2.0086941508442164,0.5370231223444032,-0.9249015482238415
0.14637682022833468,0.2681295963457665,-2.0391829084885287,0.5186264984213562,-0.9308708060910563
0.10231363824966716,0.2746324582613574,-1.9998202649060977,0.5472783786768342,-0.9613186373481528
0.08472268768361202,0.3013480499695627,-2.062127578721459,0.5576063155518458,-0.9186201064063629
0.10078039013878728,0.284382243923242,-2.0105626491271695,0.5271427966293682,-0.9384846849360806
0.12022563986593918,0.2802819968107082,-2.0373439423442186,0.5179068850919771,-0.9177784702468892
0.10339542605589566,0.28483998462721877,-2.024430548147946,0.5370448609339549,-0.9377365999990815
0.09367767732676108,0.31145501228363814,-2.0268296916960233,0.5119185275641335,-0.9270245870042914
0.08023962107835618,0.2915526381343956,-2.026467294976731,0.5503551826553893,-0.9332883217938749
0.09192487774546568,0.2818519991626754,-2.032999570020995,0.5810363054104893,-0.9583869413375324
0.09151883400409425,0.2708673578728227,-1.9970243126753235,0.5365592730753107,-0.9385633476327606
0.09435242857340949,0.28864184755045097,-2.0112783460000077,0.535062220598859,-0.9428304338977308
0.09309729501400169,0.30835052901236965,-2.0012910339488243,0.5462026959642747,-0.9838960012971044
0.12786562992007622,0.2701131633439427,-2.054384379884767,0.5437311145987858,-0.923587204409092
0.11360175145272133,0.2598743844466995,-2.0271617173272274,0.5500753842178124,-0.9327132457941661
0.10818573055471685,0.2511954841759737,-2.026526175065735,0.5710372483650614,-0.9410967432447914
0.06653906806574544,0.316961032701159,-2.0504249487618975,0.5424653887239923,-0.9124034366937207
0.11430704734340674,0.28695759206203475,-2.0677953746212046,0.5718979190618474,-0.9425141527684308
0.10487249551442032,0.27450272986422447,-2.0358246764142987,0.5269082264598179,-0.9074939660643317
0.12932811024578808,0.2625049538319237,-2.0070038849175673,0.5293420972266236,-0.9512168295759139
0.09221679441154529,0.30038185349958496,-2.0626901599125533,0.5618459913877812,-0.9290005243733027
0.09579865658265355,0.3028640919564328,-2.0497958407779517,0.5213716019540714,-0.9068356664532166
0.11977740149312713,0.25757431567718264,-2.0215438003137933,0.5332803406109198,-0.9259725025294869
0.08516981577678949,0.25933353595333586,-2.0043810495319727,0.5323763650044031,-0.9103698685653421
0.10642566449983053,0.28744969617110944,-2.020726954351777,0.5373456173069894,-0.9478399682631655
0.10065528102952981,0.2737491902550278,-2.024649671940993,0.5308087175177926,-0.9168127491431539
0.10331823700054803,0.28539004683185937,-2.0294293178860703,0.5404887637245714,-0.9374014529000126
0.10601976712004754,0.2592043211742281,-2.014637217422289,0.5373677914486545,-0.9258994412867481
0.10507069807682133,0.3091894402426499,-2.0406325419264486,0.5168937821239293,-0.9281878525645099
0.1164776905498062,0.27662146685059447,-2.055454818800549,0.540184358435548,-0.9143505600822373
0.09066380284863688,0.2691547983943287,-2.0181381326331156,0.53855370247118,-0.9170149278617475
0.09396640445600689,0.2821726574120777,-2.048510316869592,0.5556535480946458,-0.9198802268832963
0.09622912500378202,0.26104524914896915,-2.0077369435674237,0.5440450733404402,-0.9302664440125253
0.09502781994151605,0.3008323299295614,-2.0358454090677625,0.541403450890553,-0.9382285022590545
0.07917829569967334,0.29389135497637203,-2.0124819147837925,0.526193042883736,-0.9236239630296498
0.10385046622553584,0.3071143389537045,-2.0396974435062534,0.5336582612783252,-0.9410666116661951
0.07760556280510042,0.2891300561824051,-2.0045820855629084,0.5619321976557524,-0.9607049374300419
0.09563429050995137,0.27702704331401234,-2.0290092585708144,0.5421029325999692,-0.9229009004776536
0.1080702321698663,0.2442262636526939,-2.0265908321293225,0.5582327443064488,-0.9203577066666537
0.08488042576944634,0.2942990237975382,-2.0405713383993835,0.5269739817175529,-0.9035745156902597
0.0829100503620333,0.31514947772651,-2.037402893440307,0.5428717393301624,-0.9414979994687307
0.10859962868294022,0.2731657490365482,-2.0379740927783216,0.5389583770286958,-0.9194757550229279
0.12104811944520869,0.29328637644505,-2.0418102156214135,0.5260353762019575,-0.935457048383437
0.12298099200161454,0.269083492889658,-2.0613390662853326,0.54852874048221,-0.9157950877748177
0.10235502642692798,0.2836066021658957,-2.020301299318837,0.5104264546702417,-0.9133757496495836
0.0998167515621366,0.2808723065361561,-2.0612507227995653,0.5591817743893829,-0.9160527515248709
0.10422192700667068,0.28811126199518516,-2.048508102408666,0.521256748221331,-0.9015159015683812
0.1094999487694369,0.2952485387912927,-2.0345562815704232,0.5357921274850421,-0.9428422168257903
0.08759265228110169,0.2904305216320588,-2.0112299319353766,0.5060072399789858,-0.9095635743637048
0.11581948510197144,0.2927693737401571,-2.0434406069747326,0.5379250496402876,-0.9401252223574306
0.10997037252897009,0.3041924507651327,-2.025030228306109,0.5173497625683706,-0.9434461197015531
0.10339989353140067,0.28910778088380634,-2.0487145687214574,0.5296429276035423,-0.9102661982897373
0.09436022928164897,0.33242194847833606,-2.0240765161460925,0.5185664007120065,-0.9591472146128063
0.11724730759211839,0.269945294116247,-2.000021893279061,0.5453291374015057,-0.9693904447464495
0.07672771899282241,0.28766949538468195,-2.029092440328202,0.5465334596671941,-0.9179133549558395
0.08212299693374424,0.30869310662269406,-2.0292707997326827,0.5317391014554108,-0.930191515046986
0.09493186038681575,0.26839893804092774,-2.017214304049904,0.5585525405150977,-0.9420257123544871
0.13601999686454888,0.26667518365294246,-2.0297436015582173,0.5490757109815213,-0.9591541794992631
0.09412512791282439,0.2806297015633493,-2.0309112737164785,0.5226110386364665,-0.903394687438992
0.12851568546115083,0.2621265113775566,-2.0363552788690877,0.5489020932985614,-0.9396904429834037
0.12090696960285578,0.2606204079645319,-2.0443548467427646,0.5392908694083164,-0.9131335435181201
0.13277128629243173,0.2662678586446512,-2.063380058487443,0.5487509108850519,-0.9214989519099885
0.09659877625322259,0.2548237012457397,-2.008510481099453,0.5531357391186008,-0.9321973734298213
0.08666725747492028,0.30954334504687736,-2.019066216454986,0.5557714110256025,-0.9699831671470168
0.11272529324171718,0.2721315692017369,-2.01546860900363,0.5682752603113563,-0.9749451691755987
0.06590874340469008,0.28505000253817375,-2.0327672406927144,0.5391712031162353,-0.8951772900671859
0.09776887905946405,0.30705160210493926,-2.0326896441060365,0.5403557387315767,-0.949465465367016
0.12048381287044413,0.28718193456743873,-2.0397563847864855,0.5401706250903626,-0.9452413739234314
0.11727217768601544,0.2763831191200429,-2.0304862610129906,0.5212863407255788,-0.9215049579369267
0.0749561974965675,0.29523143388553696,-1.9992838990883006,0.5406493871603949,-0.9481642766506354
0.07781331088171302,0.28787933391448445,-2.026874260240723,0.5314347290933497,-0.9069472234048291
0.11040157626224502,0.2800699301232768,-2.005327958273976,0.507435698136179,-0.9300965216061876
0.07113394171824554,0.3307563255027781,-2.0510935003953903,0.5546758786275212,-0.9426194026451382
0.08464301028345439,0.29954083983794527,-2.0181390402865826,0.5380284828265297,-0.9417586755758364
0.09433336388846503,0.2998339239551978,-2.0441035300391603,0.552309589000798,-0.9393517145571755
0.07366944519413968,0.2802830436724612,-2.053393741325508,0.5891490248909551,-0.9266136791979834
0.11599880772547164,0.2412069173740716,-2.0098170829474933,0.5518467720329359,-0.9364290358044599
0.12794461144072666,0.2819466377988945,-2.0383300123507286,0.5090320012516858,-0.9169918646646665
0.0934644609363197,0.29457396563442484,-2.045173528288278,0.5690266765350374,-0.9484538032675356
0.09891850275914732,0.30246359465854056,-2.056619851510478,0.5409809198896895,-0.9220828651181724
0.09095878028954843,0.2753617739926721,-2.020188639329797,0.541170421195629,-0.9239174569256874
0.09941289055423842,0.2696223111043775,-2.012104633126298,0.5656455187232879,-0.9585940264331099
0.0924703886127209,0.2959120223638234,-2.0391432461946333,0.5724657723092456,-0.9584734171460413
0.11213418142501913,0.25593035780711104,-2.0166428520459303,0.5388614244310125,-0.9267201371604848
0.09473981995865044,0.3141760414016398,-2.06846371978403,0.5512541599489738,-0.9288965692624712
0.08675861266641649,0.2844579564590407,-2.033138937368069,0.5330042828293707,-0.9086655426263741
0.1328241555321761,0.27066154166805567,-2.002284200051731,0.5221462931969755,-0.9597614855920785
0.13075602222253882,0.31447093214303773,-2.048519855860073,0.4989459146767997,-0.933172787583931
0.08362352486031153,0.2941677571174976,-2.024150440660569,0.5165012003084,-0.9065860935104653
0.13016417948420003,0.27955731040590037,-2.0541706986129187,0.5390602010334077,-0.9320627018348133
0.1066086320820995,0.2867253487685437,-2.039677177124341,0.5352846968646511,-0.9258650299671918
0.09861716142734471,0.2620744656595977,-2.018399766700035,0.543909037929593,-0.9232267931271513
0.0814416349402018,0.2668946647137499,-2.0265435704211994,0.5384607745832354,-0.8968127710358156
0.08886286543633036,0.3211366207003296,-2.0387658497287475,0.5300453052564199,-0.9383607427333799
0.1375365529102656,0.27272201531532986,-2.025849152789517,0.4966081376784348,-0.917643182953361
0.1057917448802124,0.3220228260602088,-2.0224217012243018,0.5216473034936199,-0.9642601627584418
0.09137889915072282,0.28550931444267263,-2.0415554836353564,0.5370157628594935,-0.9093700341068376
0.10342991431872775,0.2820616323808564,-1.9964076978989695,0.5158505044902651,-0.9424861536192461
0.11377571039559789,0.29462099974536266,-2.0266518777349383,0.534329075052713,-0.9530565437745726
0.09246550373712431,0.2791808821275338,-1.99946886742839,0.5198593974717788,-0.9286672815963395
0.09311870253858213,0.26629955203232053,-2.0315372977133466,0.5510691690930387,-0.9154036601586854
0.11463857890794145,0.28558394566016276,-2.044953302437168,0.5378451907194663,-0.9302897716015588
0.09369401481566109,0.2795660132592251,-2.037531758261422,0.5281092336929357,-0.9003933541804515
0.09385296130662074,0.27192145127195394,-2.0459255278261312,0.5658841882397572,-0.9226800212517227
0.11689190042784024,0.27692996198251835,-2.0267837957283974,0.5464595994516568,-0.9506614107697777
0.1424832011114222,0.29577022192809405,-2.047901089563864,0.5024433643789719,-0.930285527871428
0.11182548474682313,0.27720895335112256,-2.009945794590252,0.5371509165998385,-0.9528588113987649
0.07815157457038656,0.25829690823681545,-2.030200117461978,0.5770256884908571,-0.9195593012860869
0.09462255940674724,0.2785147465196816,-2.0085718833620705,0.5302720684825448,-0.9314671855716119
0.0795973759207144,0.32483912477921045,-2.018402939652878,0.49929687009109536,-0.9226019290403793
0.09732152754259378,0.28474046508629647,-2.024646680896322,0.5355248486955464,-0.929356010544877
0.06501310918389978,0.28660064691075504,-2.017502909787328,0.5476792002620389,-0.918666205755774
0.1123076079980997,0.3048848776903883,-2.0498739004930844,0.5313737817326153,-0.9361384889844792
0.11469991869200938,0.2937197833229026,-2.031645105641885,0.5492340388381065,-0.962998162490724
0.08931813561904099,0.3047130120996847,-2.0383633580560367,0.5299785480560367,-0.9224021636837352
0.10059794009731579,0.2814793902267354,-2.0277780570443347,0.5266569474060459,-0.9181923847497633
0.12879165268302145,0.2827827994094236,-2.036284948336572,0.5334611991818836,-0.9452603230514235
0.1290732735610428,0.2997807099385142,-2.0383804965625507,0.49593459757240055,-0.9234427217292149
0.1242463008893162,0.2944215039314098,-2.0238280431012963,0.5238542253081168,-0.9555284729467213
0.12106614765148307,0.30661284371789244,-2.0602699753018787,0.5391162159008716,-0.9439359704447049
0.09694200625691686,0.3095760028081912,-2.055483991392845,0.5349539528524813,-0.9229737206349893
0.11049478179083264,0.2669709768733513,-2.029155245457208,0.5293705769041053,-0.914192690421737
0.13330306780779141,0.27670151733379406,-2.0156464368425753,0.5168097852385282,-0.9481135294740954
0.1144142188184471,0.2671145613495299,-2.0177157759695556,0.540149788573939,-0.9410142831023024
0.09884951669937862,0.25022790968703246,-2.026932130554059,0.5508022476657192,-0.9091800525801323
0.12114311549017034,0.3003979030293349,-2.048897536838783,0.542863008709981,-0.9528937629996731
0.07327764099378276,0.2760955498054269,-2.0061893782263702,0.5378473377699063,-0.9180842138022641
0.10015670125612137,0.2790019474732648,-2.0154087460557037,0.52452506127315,-0.9247597024499999
0.08904807345855482,0.2856422244941231,-2.047083532492896,0.5415259085885158,-0.90585277255222
0.08772382619232412,0.30322892731424866,-2.008862413728267,0.5315115562731396,-0.9510397352758692
0.08190660161059339,0.2903369307595409,-2.0246679303208106,0.5521984068284213,-0.9372477134599909
0.10931686159616352,0.30943262985069164,-2.0381403793757835,0.5119820145919821,-0.9295696556282729
0.106854330729294,0.27416576816030885,-2.027680491975695,0.559359815174036,-0.9498657908878405
0.10910131616637034,0.28090825282382,-2.031303644282792,0.5275577530064802,-0.9226896254061607
0.06713228135642656,0.26352974218685105,-2.0181193046341535,0.5267111645698985,-0.8766529694242554
0.09296804276217523,0.28020271143046854,-2.043630417260652,0.5519552360959177,-0.9182134347247698
0.09818690723298533,0.3212601167317171,-2.055887780017554,0.5618570718599563,-0.9623184693925723
0.08960720206709448,0.29855650055929284,-2.040607686017991,0.5266815278319473,-0.9112303672719269
0.09397720893804114,0.27755798510548285,-2.033700387268508,0.5509879799743664,-0.9266163988143806
0.08371447236244431,0.30456079896932287,-2.037892116868859,0.5378132595052273,-0.9251631981465283
0.09027011109747089,0.30014963940427125,-2.039882689925802,0.546986236983908,-0.9344037865753495
0.1264077334840014,0.27058107003547577,-2.0252526020358497,0.5520828132641514,-0.9611939540948387
0.12630761959691128,0.2796107125417101,-2.0406606083757644,0.5372893224598496,-0.9396021572271881
0.11084926779371082,0.27792100569837513,-1.999546559462239,0.4967424022440076,-0.922549975867505
0.11332709004366086,0.2730331416086835,-2.029206546766747,0.5540546380213262,-0.9482788309225383
0.0572512338730679,0.29798165783902864,-2.006469556044451,0.54986023425055,-0.9357851966029405
0.08883457901867452,0.3086575850200315,-2.0205591012999635,0.525856534250854,-0.9399968635628972
0.0762827790141477,0.2911173074131658,-1.9993899830614028,0.5161806768832254,-0.9212035604213603
0.11986672010047245,0.310295528823328,-2.044690088430725,0.519033873326261,-0.9415098755890006
0.14796115927624953,0.29148288060215477,-2.053799185441273,0.5130692332879451,-0.9362061714381653
0.07863468315592817,0.317011898558127,-2.0432498025605494,0.5413339807306146,-0.9316786053991644
0.0772029146903798,0.27565095799810513,-2.0023544342972515,0.5216106165503245,-0.9087203019665581
0.08817213093474817,0.2611433939514435,-1.9851709014459844,0.5082832011387264,-0.9094482760070661
0.10092355127274476,0.28237267166893837,-2.019595274196134,0.5397086097797302,-0.9403205355392091
0.09289162387281438,0.28559702603699455,-2.039027055602377,0.5132541985765544,-0.8900855240026585
0.07984725194597325,0.28093812117382194,-2.031584383694188,0.5689582877617926,-0.9351590055207303
0.09814194456856887,0.2971162821243628,-2.0065954109992123,0.4999456935957424,-0.9266992136547332
0.11335704085241974,0.28610061774160334,-2.02096157305062,0.5288805702544929,-0.9444226616686623
0.07933431297604697,0.2870825220430353,-2.0274919015814046,0.5572485355265755,-0.9328608275571362
0.11426458283180863,0.30663800228700094,-2.034404947246151,0.535354362314764,-0.9586829840313094
0.11022560206722587,0.27776092056757495,-2.0153072242455075,0.5502355749372533,-0.9597715571296894
0.10082091882732426,0.2707150854438547,-2.025889691221387,0.5440101535374605,-0.9271605606404377
0.1219185124585617,0.26360518364604096,-2.030929344620769,0.5340724541778119,-0.9259137177200077
0.11913266315296114,0.29204121973931074,-2.015326104291559,0.5285997428886661,-0.9612814923274714
0.09610091934932698,0.29110293417829247,-2.0397254912924763,0.5888828142191616,-0.9731159519116067
0.08618587339546885,0.31819470434541147,-2.0183092574147046,0.5291371562355932,-0.9519295255993789
0.09834093514637886,0.2893669458459426,-2.042738299847064,0.5677111125616335,-0.9494776916674945
0.10137107585295976,0.29061308192447705,-2.0229016314946535,0.5187369203036291,-0.9246960268964639
0.12896468753016851,0.3088551798850491,-2.058838383311804,0.5321460632369521,-0.9479491615811972
0.11123895640813396,0.305066002113671,-2.0543337785178823,0.5508256028344037,-0.9491624856800895
0.12013220146544976,0.30195673155185415,-2.0497974281550717,0.5496927668684318,-0.959069080527982
0.11820657474031485,0.288641226014516,-2.03345058931218,0.5442455630963701,-0.9546560596996215
0.10363215756438801,0.2924492564640135,-2.029565627850053,0.5303022894132864,-0.9336447277543248
0.1264953272107811,0.3111543513370442,-2.056815952743032,0.5222430806046052,-0.9400110723703474
0.10880656499924145,0.2976541676781968,-2.026571389117084,0.5403593539107598,-0.9573106921270741
0.1223480945173496,0.2563900063298816,-2.0048192459220813,0.5467965451293585,-0.9571156554980148
0.10846129560364998,0.2957913856371435,-2.054711241019302,0.5411839333649795,-0.9279392941483836
0.07918890631225202,0.2925977820041328,-2.0222475264244575,0.5413233028726854,-0.9282974837759079
0.10816983550346188,0.2829086351333534,-2.015468181017665,0.5402717508613394,-0.952864814262555
0.12774017284413083,0.27097130811424064,-2.0327996984189465,0.5445929157889016,-0.9469909138107511
0.09385753101625947,0.2884693461946585,-2.017377196034734,0.5401811693773824,-0.942461777807704
0.14393489049211214,0.2685615369863219,-2.0738863269855403,0.5490009446450167,-0.9243328525230642
0.12164526343815986,0.2656946117986526,-1.987084461096783,0.542622819838927,-0.9797998103891824
0.09781334295838522,0.28164975085827254,-2.018933560170919,0.5284823047712779,-0.9254704595676735
0.0637759636251402,0.28098283949174824,-2.0224347405909953,0.5627298984203416,-0.9221470423494551
0.13713013626598933,0.29290108868991127,-2.0754261207360507,0.5266208263258466,-0.9178795657888326
0.08415247449370798,0.29937450481821465,-2.041858022841461,0.522007833030704,-0.9008058591597875
0.11547377030854594,0.2865392788467641,-2.008595634564988,0.5220744550293434,-0.9534831539891386
0.0834284446344739,0.29478753494851706,-2.0111890109525796,0.5132724177014761,-0.9165792015567161
0.08219748075689133,0.28943410175319784,-2.023265293388095,0.5529201285212076,-0.9375850831290194
0.07703888178128795,0.2884674737226466,-2.027434418631666,0.5242800897638539,-0.8989526080048544
0.0918647512055003,0.2840546051469966,-2.0161536273402674,0.5578528244066224,-0.95451898978658
0.10881162629013319,0.3160835890151383,-2.065195721326977,0.5273547786901441,-0.9240718225473228
0.07056825604699225,0.2993703064816977,-2.0374427832716995,0.5571837709943317,-0.9266546907428495
0.12313031756067447,0.3076197299079934,-2.035485036110465,0.5247546889146466,-0.9569142602282956
0.06112271336356845,0.3208513785318086,-2.032681088589722,0.5634204912736059,-0.9497728266076242
0.10118508341449285,0.2769336980767739,-2.0420882024137077,0.5461146501076175,-0.9195597896050064
0.09365503489771904,0.28057742790668816,-2.0373366619023727,0.5533106274625402,-0.9267048323701397
0.1050601818917543,0.29047054150779794,-2.0463585233627244,0.53369131836191,-0.9201218875178224
0.0881867302604758,0.28892262581400074,-2.0055076114668298,0.5354769743111152,-0.94435005474979
0.11952726862629495,0.28330323680356345,-2.002048004268624,0.5313378015031864,-0.9695384708433112
0.07769400516190005,0.2815880883418443,-2.022362703611001,0.5484781852410828,-0.922843322054043
0.139497544583409,0.2586669344016111,-2.012721461622024,0.504252581387166,-0.9263664558806719
0.09304642592256031,0.2977057965388774,-2.0142776051528495,0.5089300698512692,-0.9219353799191734
0.11159121572903942,0.2960692674842897,-2.0242632237839686,0.5100185376004932,-0.9303947991453804
0.08851885510249712,0.27914078702419814,-2.0309709074944386,0.5556966091102086,-0.9298334736316569
0.09556708967111552,0.2869390427795984,-2.0203951553495054,0.5245015192989141,-0.9234191016903338
0.08172432444211863,0.27716681016009004,-1.993804672473999,0.5248398097575401,-0.9270858800635563
0.10574648208231868,0.30308170873148305,-2.0317090697460087,0.502627978538154,-0.916742582311689
0.10948586147805812,0.27472269059349286,-2.0429324733156187,0.5305069310831649,-0.9089003397698363
0.10603459036372992,0.2685513458154632,-2.016141680433697,0.5369134452405725,-0.932306409416739
0.10269563893410075,0.2899076636928993,-2.0192873554465374,0.5286000928426957,-0.9390515278604351
0.12261245787150513,0.26087162950606585,-2.0352075623007746,0.5371067411628889,-0.9224751566508821
0.10441555008145204,0.28786010439796106,-2.030956803006432,0.5430589866695237,-0.9412707300401864
0.09563328360348132,0.2979193757328951,-2.051729176156409,0.5506650074768074,-0.9292656669739588
0.11260048022190919,0.291051471405744,-2.077938512529799,0.5360030060113778,-0.898386820774054
0.08283943559112658,0.26902014743886055,-1.9854478083233076,0.533084733451035,-0.9369992926734987
0.06784814494823414,0.2943670630195452,-2.022650697937333,0.5321265542485106,-0.9084915095753281
0.09446868344488896,0.28190646834428573,-1.9970435714051529,0.4996975076054495,-0.9158202478697544
0.09199640518059994,0.2757273274849355,-2.0206554704979167,0.5642481840681729,-0.9481140692040647
0.1200230382449809,0.26873338409840736,-2.019334151501751,0.5399750824405495,-0.9461708128967456
0.11393501789248,0.2837182894451078,-2.032808229204304,0.5202446022510605,-0.9221341037165084
0.09858079614798672,0.26588338590985905,-2.0056210180716167,0.5335929594123535,-0.9304109017540044
0.09970756528677396,0.26881826940032094,-2.037668467730563,0.546652618997966,-0.9150501296319389
0.08344661260891396,0.2963581608789792,-2.009830635415938,0.5258324668397587,-0.9329604277931314
0.09290215960691456,0.3025183437778238,-2.007102993924461,0.5242301664727893,-0.9493620247839463
0.0874092424323575,0.26220554618745706,-2.0153476788602567,0.5615217521090268,-0.9331686594072831
0.11265563935860509,0.27032002740531347,-2.0416003445309276,0.5440597933738391,-0.9218953206255358
0.08426073392246121,0.2856245635550378,-2.038193837725458,0.5597788067602517,-0.9288633925690335
0.08855590946798653,0.26648633901795193,-2.01791059288031,0.5510931167096459,-0.9256727217229755
0.10183633681826156,0.29212379845057224,-2.043774023495058,0.5518850865990295,-0.9387898533200796
0.09232399038077034,0.24870702769487668,-2.0057416498683094,0.5630962347986798,-0.9353347813615674
0.10391782037136167,0.26166952715337943,-1.9958315636952713,0.5175119457896804,-0.923496186238905
0.12975528466306932,0.27817176464477367,-2.041482362918921,0.5338363041286683,-0.9368105343243599
0.11838210977955994,0.2535067961775315,-2.0079508589539374,0.5279830658306162,-0.9290018053615754
0.09635215505647983,0.30465416849740884,-2.0385402117245137,0.5417950894357672,-0.9415946346250569
0.1320175336531839,0.27197774851087664,-2.0397606651847013,0.5186582820400121,-0.9199981153737254
0.11069722921667072,0.3000735757280553,-2.0099945216119326,0.5325774932439891,-0.970980376295035
0.09787311359073352,0.3206369467282456,-2.051342593998054,0.5218040762180529,-0.9253495056596351
0.10604978193660484,0.3266964673121661,-2.0334196852911113,0.5357826129014369,-0.9717913394465209
0.06952290048818048,0.30170917011231,-1.999084768400483,0.5065145276288483,-0.9157945307211562
0.06505018068068154,0.2734660406538893,-2.0038264346688255,0.5348716417776443,-0.9060251982050881
0.10474743575845277,0.28050957606580845,-2.0035951844989435,0.5274370185445187,-0.9464412535186144
0.07894350343739368,0.2983520664473359,-2.0235298732215683,0.5265253711272795,-0.9175401605289583
0.11791286389795028,0.2961356513866858,-2.05279100439119,0.5388323887607429,-0.9368911324487602
0.10748493496105073,0.25135893328201053,-2.0001610050659835,0.5559794044395805,-0.9527256555090258
0.07240721447958365,0.30248312958875856,-2.0151183055025643,0.5566662096865809,-0.9529373456554305
0.12377656054355936,0.24207175041578569,-2.0128445000334834,0.556288847797819,-0.9455034596500874
0.10051425371387335,0.2665550886295838,-2.0246449789286323,0.5264533560891137,-0.9061777070859841
0.07550730936664532,0.3237850035401127,-2.060816304864357,0.5507721382462514,-0.9268773575170911
0.10302707490566367,0.286895725243491,-2.0311879741194443,0.5274938177641842,-0.922569201366794
0.10962203939798192,0.24210878396766147,-2.0258724648892112,0.5445686791093768,-0.9076494092723951
0.12754963056585594,0.2691383756374589,-2.0209707196161446,0.5498186018179632,-0.9620611137488776
0.09755727291052628,0.31146633677226104,-2.022458095486128,0.516590137068987,-0.9401101911712626
0.10076208062862717,0.29618203852230346,-2.008848534173976,0.5459371902271102,-0.9714615062547751
0.1217892978803797,0.2798509354525487,-2.037665799530697,0.5275622324073678,-0.9283851414352813
0.10157427302163645,0.26618771472647634,-2.034702641524613,0.5681326418912644,-0.93819157655823
0.12722581413881434,0.2854553903531779,-2.024175577992318,0.5144951953584258,-0.9401811073581189
0.10797542454596412,0.2884594553886944,-1.9774836192675804,0.5238474445594067,-0.9797150606988128
0.11715704710126533,0.25385825281577606,-2.044387319913576,0.5676368068390787,-0.9310107095579633
0.14347444469868817,0.2502446832607762,-2.011658635255438,0.5153064227205454,-0.9339420274405491
0.11245447593173245,0.2362526736136443,-2.0042569142796745,0.5341701165294075,-0.9153419776613411
0.0721084919066438,0.3090761623106814,-2.039499387995966,0.543096288935952,-0.922203950140048
0.09846443240492625,0.2832493185043039,-2.0355311218692824,0.5407237291265136,-0.9243470913262174
0.11716620655551108,0.24735850921678545,-2.0321330694868545,0.5267873783577711,-0.8955376100350458
0.12068566980684103,0.2697100476454485,-2.0291566606061546,0.5414950644772796,-0.9392796525612384
0.09823192477020785,0.2899841942169585,-2.0219979129285894,0.5364858709693656,-0.9396211146760496
0.11622149888675293,0.3189401952763112,-2.0488461405133767,0.5407642379216326,-0.9644497650805183
0.13006709496736688,0.2544530816893967,-2.033284397189461,0.5208192480067878,-0.9092312429780525
0.09242340714900626,0.289767473478744,-2.02349599016402,0.5335742217367987,-0.929565935304427
0.09401908255331129,0.2990171827691319,-2.0288321544795807,0.5376629938551245,-0.9384768788842738
0.12496999529241708,0.2990302570443903,-2.0642701848581493,0.5487644285140013,-0.945613673328308
0.0949298170035269,0.2881546140635676,-2.0251453781115134,0.5319528519875206,-0.9272605209489557
0.09679191564947276,0.27156997806176075,-2.042203580036059,0.5469957366930598,-0.9099768063148309
0.12002070012638856,0.27432166995337204,-2.0559594957456957,0.5534313519471453,-0.9288505918744001
0.08258286579616968,0.2604380559689681,-2.0050128564903145,0.5728619784028312,-0.9480167398219688
0.08207168894741655,0.2800962981915536,-1.992329622541874,0.5216896095228941,-0.9281918153472954
0.107049304836805,0.2958744607656806,-2.0428522144132315,0.5309505861665722,-0.9283896563312481
0.08552842024405578,0.29922409401369277,-2.0541566936993183,0.5479629874975834,-0.9159774228986254
0.10026272435344218,0.309362029007487,-2.049780591376043,0.5427538488388991,-0.9390107434314837
0.12075255514859505,0.2777869526332556,-2.042914674727772,0.5640825600977247,-0.9564882972630406
0.13664075540515555,0.28438829511706487,-2.0403709458336947,0.4971129962237071,-0.9144977268519786
0.09053201930839914,0.29311971221401045,-2.0314807408931594,0.5296802875699553,-0.9190630934047119
0.08347095328891752,0.3108452624109256,-2.0152121168881014,0.519153059196597,-0.935489539194986
0.15393097641155704,0.27311419939643283,-2.061583357547419,0.5074064865805087,-0.9094709478801305
0.09573096978230135,0.26471412297283003,-1.9970778816389827,0.5285912343652278,-0.929808687913662
0.11611069111015228,0.2645912645534177,-2.008002372419888,0.546252441202114,-0.9550738100346701
0.1032653056010312,0.29229212835057217,-2.040199718930903,0.5332899376696362,-0.925717536281551
0.12384664559385963,0.27608994767205297,-2.036006620429676,0.538929087576529,-0.9399348235217228
0.08683701647776362,0.28993828667708876,-2.035818561125455,0.5535363805884266,-0.9310137604781665
0.08242704417329141,0.29451281176029986,-2.0395462282582577,0.5778221926550412,-0.9522515005987786
0.12533639241231573,0.2637771415954392,-2.0542768798691893,0.5217674974237811,-0.8938635828683348
0.06731350713126172,0.28924184993911417,-2.0083421401066053,0.5526371105571952,-0.93721627361009
0.11958516952103473,0.2696236774830233,-1.9766143374003728,0.5046193373346566,-0.9551344465455037
0.1093253559989611,0.2767796450454296,-2.0346443180718734,0.5373271614395834,-0.92558530941903
0.1004698802978682,0.261671882962109,-2.0201448499546,0.5462254295019461,-0.9248187187581695
0.08457248008843764,0.3029763637427812,-2.0090361555208176,0.5277089109022473,-0.9430831771507218
0.14130429761875968,0.30176788430245494,-2.0246398140560715,0.5055933422461012,-0.9609794091922248
0.08172028282530218,0.2650564891955985,-2.038571623117352,0.5505860992213285,-0.8955516134945807
0.07200583042963754,0.315309694905315,-2.0453019709394478,0.5428285907535033,-0.9214999291812425
0.11436170956259666,0.27862337833278517,-2.0055009670721358,0.5167965913038062,-0.9416315770540885
0.09517483315828791,0.2646557033000487,-2.0176860553933227,0.5650144021600924,-0.9439454020158887
0.09726206738304473,0.28211731993666794,-2.0075212962029974,0.5399488948476732,-0.948459187288936
0.0906561175039224,0.2864242893306021,-2.0459128591281326,0.5468529614056452,-0.9151056307669801
0.08523947609758625,0.2924273253648868,-2.0538254819520634,0.5591508676965938,-0.9195150580307588
0.0682929927366066,0.3218717896853404,-2.021662099061442,0.5257560250157842,-0.9311080320310576
0.11982682138260824,0.27343802720000976,-2.0328221548614263,0.5333128845517565,-0.9308194957139726
0.07945374542699389,0.28720408286919663,-2.005319390095204,0.5288837144958854,-0.9270141496205072
0.10039435495870315,0.325708838513576,-2.0384679920077744,0.5206320206087098,-0.944817456687237
0.13582754691444757,0.28582992478331776,-2.055111692079507,0.5292423390676433,-0.9323660092686407
0.08358146413615221,0.27000049703143936,-2.0327334101932655,0.5486869672616721,-0.9055966365766507
0.08801526192291557,0.295720886837423,-2.044275581463147,0.5498603452363445,-0.9263647891070771
0.10471116748745056,0.28988053651190915,-2.00262862075085,0.5234686439554213,-0.9521966707288371
0.09090458899256257,0.305744461496817,-2.045049987741084,0.5411500475790406,-0.9304812074839497
0.13541666231002383,0.27236859132294633,-2.0491283839701366,0.5533566055484443,-0.9486454379877941
0.08734133892030907,0.2728887977274912,-2.033985794295288,0.5400699103762767,-0.9034999877149811
0.12208948272666681,0.2735385595171936,-2.040771328962106,0.5396175960110915,-0.9321315443815166
0.12143772045474531,0.29691383111328573,-2.043163982038171,0.521913247540492,-0.9338128883675669
0.08166878360092071,0.29548208237556844,-2.0248661453780232,0.532722602219619,-0.9218047836543071
0.11012363956196695,0.309821310212826,-2.051899541484148,0.5278383287214193,-0.9327876979853266
0.07470605641153406,0.3323929348116611,-2.0325061826914728,0.5149594904676097,-0.9261056667213451
0.09574355548873324,0.3057242094076387,-2.046356988527666,0.5655392721936335,-0.9576386753786099
0.10080123997474467,0.2982115340999187,-2.026484292901791,0.5013227409808538,-0.9095379819014613
0.08705940278159385,0.28118265613778753,-2.0417829706759054,0.55242086625717,-0.9156982739260038
0.1327632617910294,0.2937867838259903,-2.0070162372147267,0.5006881482324804,-0.9577729251514427
0.07782413551608462,0.2763921889423727,-2.021003407304285,0.5525151089589314,-0.9233080202701776
0.10641831582239376,0.2815888390381189,-2.035743198543264,0.5621306466214337,-0.9510420482949645
0.09896531328637459,0.24266096943648338,-2.0264742308338985,0.5639766602545984,-0.9158946652623305
0.10346719117630204,0.2793450794351435,-2.022726792863743,0.5474047125630729,-0.9442056814437003
0.11059766521798856,0.2564550646242103,-2.0177452800684166,0.5574144968422107,-0.9431756063016379
0.06810614229671329,0.3075004839861343,-2.0381473013101545,0.5359745223097659,-0.9107582978966484
0.12419966358166828,0.2602328567760166,-2.033761815360063,0.5541772650447487,-0.9418366896063346
0.11691418993674886,0.29819269230076045,-2.0483152702216922,0.5166638458082966,-0.920511390676937
0.11443783405915017,0.2715076577442824,-2.012374131046497,0.5182499603685956,-0.9290441146530889
0.09800610968098547,0.292287388136009,-2.02538900835576,0.5415309566820654,-0.9436237360433184
0.08548837369819329,0.2912657191676494,-2.0162347336992137,0.5335254019965271,-0.9303307995017993
0.0981742039024099,0.3103794015372663,-2.05133560280853,0.5338971486865048,-0.9286931039370226
0.06903693032905679,0.31950865540210244,-2.0367639231805006,0.5306232997885717,-0.9192140093159997
0.07166144303408796,0.300861669611078,-2.052728624234285,0.5622780799277676,-0.9186308262511884
0.0966116108935872,0.2618997639904049,-2.002407261968626,0.539608223670832,-0.9329350376223451
0.07269594531827005,0.2904527699095726,-2.0195871636827785,0.5670826348637095,-0.9472124295148967
0.1299386941815937,0.29094782042896505,-2.0381825353916527,0.5265322445553668,-0.9458712790856929
0.08532281749644097,0.2976657452754738,-2.0681618783828157,0.5602471872970445,-0.9122321320298147
0.0971744117673361,0.2604983436789082,-2.0108203971931706,0.536973097458432,-0.9204862520750476
0.11672864324668432,0.30121265727751345,-2.0708362826950912,0.5278794467227111,-0.9116552945832616
0.10677817496700855,0.24849165599002287,-2.0279748054534603,0.5476528522859261,-0.9114348631367828
0.10725075641922724,0.2718186024745452,-2.0057931925679684,0.5182610280584173,-0.929183122522647
0.07643244383422144,0.2833976189543056,-2.0037355688951983,0.5281612332429362,-0.921957582312248
0.08995408491113438,0.2932628510951292,-2.0056775339575243,0.5303534251432108,-0.9454344754427695
0.11664032527761385,0.29851594463749226,-2.0194026350545364,0.5290570208842585,-0.9619112586643892
0.12051644964993281,0.303865741054757,-2.042030950086249,0.5139115284040978,-0.9336829642756724
0.10215351353161023,0.3118268364267859,-2.0120247771929485,0.5220520409426792,-0.9604571761133422
0.09545818784948555,0.273754604294458,-2.030094835898662,0.5355926397179858,-0.9112925400409537
0.10124916074420785,0.27902281479974295,-2.01674367280986,0.5178347913658722,-0.9184193106321292
0.11489514022525249,0.33893762779917014,-2.0638583960979346,0.5393463026515355,-0.9667627181213239
0.10368741959007546,0.2780471923961192,-2.0220876964637595,0.539854664085063,-0.9363269785977414
0.05676704763958762,0.313948288515986,-2.03536390592186,0.536111561848622,-0.9082711630105862
0.06868888728585812,0.2780373100676614,-2.043106320600234,0.5560198238270392,-0.8964078034291018
0.11448317462541222,0.28739842877510696,-2.0354492590363495,0.5433406845948621,-0.9467932304638125
0.09572858405311974,0.28176782741997003,-2.019516012020427,0.5268202819085691,-0.9223981677869562
0.11268774041622409,0.3106067296845924,-2.0590469113719916,0.563458167905092,-0.9648753279651434
0.1040704511491411,0.2788723662575643,-2.0352396376629307,0.5358855849548596,-0.9211948131312309
0.08754936404944552,0.259326821222762,-2.024529591465211,0.5543968589551005,-0.9137929157922763
0.08426296713079161,0.2976833376850294,-2.0065532654475065,0.5191558216651365,-0.9315565639442729
0.09871032773987179,0.30510209247588876,-2.0376560712413974,0.5436652701266675,-0.9469831448571849
0.09907717265771887,0.28884884873741035,-2.01398901398119,0.5286001095737246,-0.9401364578717987
0.1048455275121855,0.28379016267835117,-2.039864119922898,0.5139421577367622,-0.8996844919215385
0.1462645971371855,0.2837777348625794,-2.056078679829377,0.5476615410904718,-0.9586511185716132
0.10610696812908463,0.28440335144434475,-2.0270865737191803,0.5009090843105309,-0.9018979071321944
0.07446873040169423,0.26857190709734075,-2.0178674440331585,0.5079393867939797,-0.8701702520325157
0.06092653333932603,0.29137192968196735,-2.039710752310107,0.5689143024032259,-0.9184834730922794
0.12633936460206374,0.265802345685062,-2.01408387559076,0.5338462191515875,-0.9490947091611944
0.11830251795873747,0.27044699619336865,-2.0296134427721197,0.5100702484917703,-0.9054645021153646
0.08774229076782694,0.3167220196637841,-2.032185935329528,0.5339503121085171,-0.9426598604536367
0.11921175773016861,0.2979336158959813,-2.0279039549888678,0.5246734857374001,-0.9510989368224829
0.106753460047748,0.2729492319705894,-2.03105952598404,0.5291717324092502,-0.9152662456788009
0.08896642248774735,0.30978831728206846,-2.01892940412499,0.5441515887443529,-0.9609350745933479
0.10583180355252295,0.2755316898079143,-2.0234413538523657,0.5393447024127532,-0.9344279796485683
0.09987953982685632,0.27590722168456866,-2.014177340432317,0.5291204009736762,-0.9273812435120822
0.08911849822868254,0.2928511256479388,-2.009676116826753,0.4862453071651495,-0.894835886583963
0.08545157446227516,0.3176997589542001,-2.027820213706601,0.508922722710429,-0.9212004333363298
0.0749308623743888,0.3108327288540643,-2.0354706373489133,0.5463427638256241,-0.9334252108009983
0.09593510892940273,0.29602668648291974,-2.030230841073468,0.53485608087468,-0.9336212682824014
0.11549261099740259,0.2667466414784947,-2.0363549155965766,0.5752486932681591,-0.9589907512619145
0.08616676424430193,0.2907262065092038,-2.023858736325774,0.5304905024454509,-0.9203874015482485
0.07348831183168542,0.29395440969437436,-2.03036690237799,0.535729807083091,-0.9098411918992451
0.09960846267731191,0.2923498082039644,-2.022146299385058,0.5297149653672033,-0.9363160628718765
0.12727457138783757,0.31091759799259316,-2.0655932259836947,0.5307132628614715,-0.9405977934126152
0.09220999435008743,0.33762275223852395,-2.0418822302285418,0.5042590165906997,-0.9294390174368402
0.09695573097591206,0.32867139762616365,-2.0327497424011765,0.5263780168491563,-0.9566186323053771
0.10806711232802817,0.2991359945786103,-2.050485155910892,0.5295550253494233,-0.9227155363283165
0.08121742320716742,0.295134759995114,-2.0300062667412733,0.5546241261531116,-0.9377630981185384
0.08229536112392143,0.30058069682401345,-2.0140286031424632,0.5466166120657214,-0.9523905378202001
0.10616894374617467,0.28632605006563844,-1.9999156578940107,0.5043428431512561,-0.933977232712857
0.12703511492820818,0.28189898404052216,-2.0358876482332096,0.5299036105112499,-0.9399605138725905
0.1034041022385908,0.3127799056384121,-2.0308043449455617,0.5125318071685613,-0.9352216316915104
0.10273537636431798,0.290122983189705,-2.015801099337567,0.5143185627660836,-0.9283572039921932
0.10924753889411867,0.29388289561429287,-2.032522164247372,0.507872759434323,-0.916266933920766
0.07204192451370238,0.28630514346749786,-2.024590988751756,0.5420805406888507,-0.9124978932947021
0.08659966782256892,0.28115680935205756,-2.0600603953554457,0.580545265290884,-0.9252541148171066
0.12842871777832604,0.26868997998171296,-2.060340113864301,0.5575383589787115,-0.9311518167922386
0.1104918605256655,0.2744404249416442,-2.0192682170568967,0.5340446946827652,-0.93645991675552
0.09184593046394601,0.2746968482856888,-2.037210195833741,0.5330776279598475,-0.8992118208079377
0.07589754679572983,0.2693991057039806,-1.9993623518834343,0.5366692532357628,-0.9187997071859514
0.11314964305676314,0.28605111461212357,-2.054533114022075,0.5515661015214561,-0.9330238761813903
0.12983535983142747,0.2819922847187573,-2.0260244553009445,0.543637359820978,-0.9663898226851358
0.11652393348188746,0.2763808799213025,-2.047116942892149,0.5589456323674111,-0.941758018166419
0.1219041999607897,0.2846764815563674,-2.0434167579848603,0.5243085381436521,-0.9244887590012131
0.10017556526870643,0.3120238307564337,-2.039040553493069,0.5562310104577463,-0.9659053913627113
0.08583037055843104,0.25065891466305573,-2.012595947674291,0.5690553975104616,-0.9299250683554796
0.09239300333494495,0.2985854908534095,-2.0300832954456998,0.5226662122266391,-0.9203793355073925
0.11327763365399385,0.2901803960143784,-2.011376590698739,0.5369446811485793,-0.9656284247056989
0.0952783289590133,0.2878697802671157,-2.0263967432603667,0.5434880455682082,-0.9367650337885742
0.11661716734552227,0.27736446341398646,-2.0350054767982035,0.5526953673461099,-0.9485955031974398
0.10807766204908739,0.2738086322223934,-2.006087396901067,0.5254526805765544,-0.9384115360085334
0.12113217539162487,0.2779098829340445,-2.047225723772708,0.5582543481346578,-0.9466049480510584
0.11577011018532433,0.30386327217757514,-2.019161315551936,0.5214551292079541,-0.9582492134675689
0.11764236649491175,0.2736496985730448,-2.0148778602750617,0.5106404237023856,-0.9238541024965131
0.1291714677627701,0.2685173477793289,-2.017694135394921,0.5086328745192666,-0.9254599746719229
0.08896058031744768,0.2764792830325919,-2.021860264214318,0.5566705695741112,-0.9366117536073265
0.10193135761296508,0.29507903429857796,-2.036287280039047,0.5244084007674193,-0.922081212147532
0.09567141569186723,0.3100002394679853,-2.0329766446810744,0.5036517338190724,-0.9132877501973626
0.07792421580150137,0.29031075980057214,-2.0052258111206496,0.514528521620368,-0.9148513118198268
0.1145026069825297,0.28017422687403026,-2.018313772981674,0.5111724448123895,-0.9246641668743639
0.10290132926293434,0.29484008738313466,-2.037326294809456,0.5405264545130128,-0.9372662677300362
0.10449340595480426,0.2745316500506743,-2.0059317271225012,0.5409520490645633,-0.9515701573610577
0.09940117823734014,0.2685543966401816,-2.0053197250692287,0.5458112435352035,-0.9461977935054785
0.10696216408265985,0.29899954944229123,-2.0484540904496775,0.5409812614059687,-0.9356427450081587
0.11435410443599524,0.3059613438674388,-2.037528381485448,0.5269786857344243,-0.9465468631849413
0.11023373989618622,0.3041882981580446,-2.0197882893315864,0.5246103357546744,-0.9566134730912904
0.1129778653969286,0.3161828153541617,-2.059336896492628,0.5395225156048017,-0.9463482037042424
0.09938858499652488,0.3070532553223107,-2.0408926320437515,0.5633343320237144,-0.96674583308911
0.11809277339642757,0.2508910034215343,-2.0160886039478614,0.5620676666499859,-0.951973472279526
0.09044732788160283,0.2723956177666151,-2.026698953048335,0.5494852274081345,-0.9217032069452529
0.08365775262969702,0.2592613572809466,-1.9956392556710296,0.5511180137993763,-0.9354526158772588
0.07729782408088398,0.24269789914384546,-2.039225793760126,0.5798060578137253,-0.8978133897765866
0.11396194022972451,0.31082156649637926,-2.053233386405145,0.5527160668417974,-0.9611976244063762
0.09482060626988313,0.2695196077982198,-2.0016299141284652,0.5226491473516649,-0.9221993100499417
0.12389212853547066,0.27345762659631184,-2.036526595031231,0.5457627885118271,-0.9429858418769146
0.13848603613421515,0.26327667754965317,-2.023680087747381,0.5101922736875102,-0.9241983524350931
0.08992270093020222,0.30453861715339253,-2.045085572134365,0.5449710274953737,-0.9315174686035962
0.0846978073082243,0.33369972773763407,-2.0225911619599994,0.4969548737290543,-0.9294481112993122
0.0934297998937267,0.30222473347782447,-2.0122526155077582,0.5120869597403582,-0.9322296738633842
0.12032277772495006,0.27473474293918126,-2.0185190555471895,0.5106614917168245,-0.9242405499621449
0.12750522790410984,0.2856428336359599,-2.0788390012400835,0.540441982231711,-0.9115632343849756
0.08997397558112918,0.295905109872407,-2.061332358394239,0.5297420177248816,-0.8915398423468709
0.0941849442570772,0.26545372114973426,-1.9946361200507117,0.521430668970653,-0.9238050818728457
0.11679983410926588,0.2690790747536988,-2.023434692061802,0.5397685071888618,-0.9396186534030434
0.11121904822762943,0.3165459402336192,-2.0516957208062925,0.5347154730007413,-0.9478027595300473
0.10241573055364508,0.27843528396814143,-2.0617672598188888,0.55441318429515,-0.9097581702824274
0.1008513408219008,0.2641175164985727,-2.031817937045413,0.5723944857048422,-0.9421174560198098
0.1313726168436909,0.2578224303185664,-2.0048456363225156,0.48913558931090584,-0.9106318351979229
0.1221778059772038,0.2962348167703329,-2.0196160773888043,0.5245369567244632,-0.96111326730843
0.12036512626379328,0.2994348024948994,-2.020767303016692,0.49841886732326546,-0.9338209243296904
0.0770381304907249,0.28847762052202985,-2.019768290838497,0.5340840269977571,-0.916616065231823
0.08223041001288847,0.2837261647057997,-2.0279097093679783,0.555890593899451,-0.93062005368271
0.1003367744234398,0.29329220327847294,-2.04722984670687,0.5339231537701319,-0.917424670979539
0.10472114174052741,0.28995049030841197,-2.0574243792360245,0.5449899485726324,-0.9189067948757701
0.08918594168078556,0.2954744228247583,-2.0243873421351655,0.5381581826428763,-0.935851148707222
0.09185549426504784,0.2765094961407539,-2.0119582378067857,0.5520981043233258,-0.9451642101689851
0.09516705817496357,0.3197159478587216,-2.056125900050812,0.5457850824238439,-0.9417224136088269
0.09472146699782465,0.2884812892679241,-2.027323324867382,0.5235463076238112,-0.9160371039567248
0.12999514965968129,0.27190689974790955,-1.9970085979899024,0.5088653574123367,-0.9503698691709973
0.09335196235430786,0.285348246953766,-2.0346686642507428,0.5544724861335417,-0.9358110072064179
0.08799737593500209,0.2661458065038585,-2.029400648248508,0.5630074322390315,-0.92500979980073
0.11442057928761022,0.29492291977762225,-2.0563273190498155,0.519828996158077,-0.9089605027450854
0.0997905250829593,0.276327904784456,-2.015907702143917,0.5429316886595811,-0.9403399779761207
0.12485766252881267,0.2655218436621143,-2.0225958255799963,0.5306945900104256,-0.9345579178175811
0.10176577842294339,0.2739293382697173,-2.048017889207039,0.5309333518051859,-0.8961414200907717
0.09187971155988109,0.3049048230505038,-2.070054417176076,0.5427916678442506,-0.9067756202919889
0.12073171702692043,0.2911125953171431,-2.019775970077233,0.4951880657550221,-0.9243238679707431
0.08824098450097945,0.2586009068690852,-2.0274900857488807,0.5785305601081718,-0.9349823520540252
0.11560640727563172,0.30759108625431847,-2.0337028001126014,0.48831359076314934,-0.914439595770346
0.11258173140524273,0.28293382577589665,-2.05091415257177,0.5246301157662634,-0.9065054396368604
0.09270425458679302,0.3157930064915963,-2.0333666614515007,0.5233929856813144,-0.9355784466676843
0.09687080369253022,0.31602417006338984,-2.044992860893144,0.532861613934228,-0.9381158299056487
0.06933953607863179,0.2958006892249199,-2.029828168148994,0.572104137140396,-0.9440760141822927
0.1179370692126207,0.29087045110227083,-2.0290045855212298,0.47790337624511753,-0.8942869048418688
0.06971734627636131,0.3234864148639651,-2.016249919230872,0.5403021515464387,-0.9544460895293376
0.07986339167143873,0.3117364672146847,-2.005681273243023,0.4946434461112148,-0.9170338463155342
0.09888222265911545,0.3091756423077663,-2.021743715334292,0.5250535185786301,-0.9474271767719156
0.08163009103234109,0.2867805719424551,-1.9960728336809752,0.5016294887455036,-0.9112289162082261
0.1184671527687883,0.2760375672538718,-2.022891404789179,0.5196904998194147,-0.9288931258975733
0.08267675379517087,0.2987941694716205,-2.0012322270775247,0.5139178277532406,-0.931240009699521
0.08965123368450635,0.27606616883323293,-2.0308588749033842,0.5297628450975662,-0.901607145282674
0.11621259992175217,0.28824596608572245,-2.018394014736125,0.5089309241537676,-0.9315687753027359
0.12499590788693835,0.2626793295080027,-2.04530293689445,0.5508185886831053,-0.9304643466457496
0.0874203109943092,0.3018125858817155,-2.0424369891339165,0.5784555204401065,-0.9618920732629644
0.11874329219419157,0.32367928789440914,-2.027721972845728,0.49336533018453477,-0.9460195115754567
0.0979720141899965,0.27870538948641993,-2.0219608192016616,0.542938771732469,-0.9344416316619357
0.1024229303989401,0.29546775489757654,-2.0265353198278993,0.5275434982143324,-0.9355664722832988
0.10456335384529071,0.28999643746852094,-2.0417083424387434,0.5478119603825513,-0.9369643046639202
0.10138054859429935,0.30188728996578573,-2.066054496063821,0.5189958590637461,-0.8931091534008375
0.11266532408797562,0.28099428162510676,-2.0132170981760296,0.5135421187034459,-0.930674970580524
0.11304434699184382,0.2725492638830728,-1.9946973933162913,0.5105926945151829,-0.9384153320883906
0.07733635297180096,0.30315735344975175,-2.032658110901123,0.5410995833687521,-0.925991159166546
0.08117478489558057,0.3120056695895923,-2.0183697781236485,0.5535975841161322,-0.9652349827073813
0.12772059377267123,0.3026967737367473,-2.0342698164672273,0.5344604161107038,-0.9674247815945521
0.12860514177261356,0.26448209955166563,-2.053376732672718,0.5629313410454216,-0.939794381362565
0.11400954560455183,0.27319383321065493,-2.053477332378165,0.5569919938874169,-0.9271487786566869
0.14427201993222608,0.26811585848726044,-2.0360738961468163,0.5200954794745363,-0.9333292290732271
0.11082179002763731,0.2827709296629031,-2.0173577363561495,0.511347625822137,-0.9243904283103688
0.10944333435357605,0.29393123761107015,-2.0157978983440974,0.5196884227681511,-0.9447791202394065
0.08397098238575511,0.2722402871195653,-2.050811475539905,0.5623070625909873,-0.9041108703421729
0.11978839242186513,0.259642296655275,-2.02997616665404,0.5480315309204142,-0.933820865394876
0.08928930595005306,0.29250052817004907,-2.079224004139869,0.5393040493288518,-0.8783706452226618
0.1230955258875084,0.25914731639164207,-2.0127768819294345,0.5197948786751184,-0.9267417897524188
0.13029156824526633,0.30375421889555587,-2.045227288319638,0.5156413979648445,-0.9410616580885702
0.1055200570491482,0.3121152958948437,-2.0021544671998552,0.5186299672546983,-0.9703703845979513
0.10707020729758032,0.285614861868992,-2.056235820658521,0.5747249473017498,-0.9475569112880924
0.10724013932727212,0.27540506007684457,-2.0188279489201086,0.561079173191092,-0.9615446724025112
0.07657314377758276,0.2909430054752259,-2.033701373895593,0.5567013005052686,-0.9266170330093226
0.0918771981960618,0.24010650768803923,-2.0317528942579455,0.5738331261878554,-0.9113015911951181
0.08699482083354199,0.2806224764770268,-2.022045625583938,0.5301677421383083,-0.9123072028161061
0.08507095574555178,0.29941703722184226,-2.025622664367105,0.5258324973568832,-0.9212873265895236
0.09587744352269785,0.2907794494899058,-2.026346371098556,0.5053241743122412,-0.9030922860016604
0.05973473777416095,0.3242368307542814,-2.00310334127507,0.5313718638688202,-0.9490094285272832
0.06609585920090634,0.276824414397058,-2.037592557966149,0.5581097696644284,-0.8993506224477535
0.10807160175377034,0.32674609550619177,-2.056756776722303,0.5328915891927172,-0.9478132020927761
0.09556072443255909,0.28559835315918314,-2.0349668722969376,0.5367280190127808,-0.9204965313872203
0.0986088990087574,0.28396896306170927,-2.046127480887438,0.5602780303260593,-0.9338997484399505
